{"_invocation_id": "16797493-6fe6-4585-bf6e-459201ae58f2", "linked": {"0": {"name": "source.property_cro.staging.rental_flat_desc", "type": "source", "succ": [26, 28]}, "1": {"name": "source.property_cro.staging.rentals_flats", "type": "source", "succ": [25, 29, 30, 31, 32, 34]}, "2": {"name": "source.property_cro.staging.sale_flat_desc", "type": "source", "succ": [10, 12]}, "3": {"name": "source.property_cro.staging.sale_house_desc", "type": "source", "succ": [35, 41]}, "4": {"name": "source.property_cro.staging.sales_flats", "type": "source", "succ": [8, 9, 13, 15, 16, 34]}, "5": {"name": "source.property_cro.staging.sales_houses", "type": "source", "succ": [34, 37, 38, 42, 43, 44]}, "6": {"name": "source.property_cro.generated.ad_price_history_agg_api", "type": "source"}, "7": {"name": "model.property_cro.3vw_avg_ask_px_per_loc_size_sales_flats", "type": "model", "succ": [10]}, "8": {"name": "model.property_cro.2mv_price_history_sales_flats", "type": "model", "succ": [7, 10, 12, 11, 13, 15, 16]}, "9": {"name": "model.property_cro.1vw_last_ad_time_sales_flats", "type": "model", "succ": [8]}, "10": {"name": "model.property_cro.4mv_enriched_ad_sales_flats", "type": "model", "succ": [13, 15, 16, 17, 18, 19, 21, 22, 23, 33, 36]}, "11": {"name": "model.property_cro.3vw_avg_ask_px_per_loc_sales_flats", "type": "model", "succ": [10]}, "12": {"name": "model.property_cro.3vw_avg_ask_px_per_loc_year_size_sales_flats", "type": "model", "succ": [10]}, "13": {"name": "model.property_cro.mv_inventory_general_location_sales_flats", "type": "model"}, "14": {"name": "model.property_cro.mv_date_to_quarter_mapping", "type": "model", "succ": [13, 15, 31, 32, 42, 44]}, "15": {"name": "model.property_cro.mv_inventory_location_sales_flats", "type": "model"}, "16": {"name": "model.property_cro.mv_inventory_sales_flats", "type": "model"}, "17": {"name": "model.property_cro.vw_best_streets_in_zagreb", "type": "model"}, "18": {"name": "model.property_cro.vw_price_drops_alert_sales_flats", "type": "model"}, "19": {"name": "model.property_cro.vw_modern_central_alert_sales_flats", "type": "model"}, "20": {"name": "model.property_cro.zagreb_locations", "type": "model", "succ": [19, 21, 22, 23]}, "21": {"name": "model.property_cro.vw_best_new_or_reduced_alert_sales_flats", "type": "model"}, "22": {"name": "model.property_cro.vw_new_ads_alert_sales_flats", "type": "model"}, "23": {"name": "model.property_cro.vw_large_price_drops_alert_sales_flats", "type": "model"}, "24": {"name": "model.property_cro.3vw_avg_ask_px_per_loc_rentals_flats", "type": "model", "succ": [26]}, "25": {"name": "model.property_cro.2mv_price_history_rentals_flats", "type": "model", "succ": [24, 26, 28, 27, 30, 31, 32]}, "26": {"name": "model.property_cro.4mv_enriched_ad_rentals_flats", "type": "model", "succ": [30, 31, 32, 33, 36]}, "27": {"name": "model.property_cro.3vw_avg_ask_px_per_loc_size_rentals_flats", "type": "model", "succ": [26]}, "28": {"name": "model.property_cro.3vw_avg_ask_px_per_loc_year_size_rentals_flats", "type": "model", "succ": [26]}, "29": {"name": "model.property_cro.1vw_last_ad_time_rentals_flats", "type": "model", "succ": [25]}, "30": {"name": "model.property_cro.mv_inventory_rentals_flats", "type": "model"}, "31": {"name": "model.property_cro.mv_inventory_general_location_rentals_flats", "type": "model"}, "32": {"name": "model.property_cro.mv_inventory_location_rentals_flats", "type": "model"}, "33": {"name": "model.property_cro.ad_price_history_agg", "type": "model"}, "34": {"name": "model.property_cro.ad_price_history", "type": "model", "succ": [33, 36]}, "35": {"name": "model.property_cro.4mv_enriched_ad_sales_houses", "type": "model", "succ": [33, 36, 42, 43, 44, 45, 46]}, "36": {"name": "model.property_cro.price_changes_per_week", "type": "model"}, "37": {"name": "model.property_cro.2mv_price_history_sales_houses", "type": "model", "succ": [35, 39, 41, 40, 42, 43, 44]}, "38": {"name": "model.property_cro.1vw_last_ad_time_sales_houses", "type": "model", "succ": [37]}, "39": {"name": "model.property_cro.3vw_avg_ask_px_per_loc_sales_houses", "type": "model", "succ": [35]}, "40": {"name": "model.property_cro.3vw_avg_ask_px_per_loc_size_sales_houses", "type": "model", "succ": [35]}, "41": {"name": "model.property_cro.3vw_avg_ask_px_per_loc_year_size_sales_houses", "type": "model", "succ": [35]}, "42": {"name": "model.property_cro.mv_inventory_location_sales_houses", "type": "model"}, "43": {"name": "model.property_cro.mv_inventory_sales_houses", "type": "model"}, "44": {"name": "model.property_cro.mv_inventory_general_location_sales_houses", "type": "model"}, "45": {"name": "model.property_cro.vw_new_ads_alert_sales_houses", "type": "model"}, "46": {"name": "model.property_cro.vw_price_drops_alert_sales_houses", "type": "model"}}}