{"metadata": {"dbt_schema_version": "https://schemas.getdbt.com/dbt/catalog/v1.json", "dbt_version": "1.7.7", "generated_at": "2024-02-11T10:46:18.775842Z", "invocation_id": "49aa851e-2f5c-4a2b-8012-83c48873d3dc", "env": {}}, "nodes": {"model.property_cro.price_changes_per_week": {"metadata": {"type": "BASE TABLE", "schema": "analytics_common", "name": "ad_price_changes_per_week", "database": "property_cro", "comment": null, "owner": "db_admin"}, "columns": {"count": {"type": "bigint", "index": 1, "name": "count", "comment": null}, "avg_price_change": {"type": "numeric", "index": 2, "name": "avg_price_change", "comment": null}, "type": {"type": "text", "index": 3, "name": "type", "comment": null}, "price_change_type": {"type": "text", "index": 4, "name": "price_change_type", "comment": null}, "change_week": {"type": "date", "index": 5, "name": "change_week", "comment": null}}, "stats": {"has_stats": {"id": "has_stats", "label": "Has Stats?", "value": false, "include": false, "description": "Indicates whether there are statistics for this table"}}, "unique_id": "model.property_cro.price_changes_per_week"}, "model.property_cro.ad_price_history": {"metadata": {"type": "BASE TABLE", "schema": "analytics_common", "name": "ad_price_history", "database": "property_cro", "comment": null, "owner": "db_admin"}, "columns": {"ad_id": {"type": "integer", "index": 1, "name": "ad_id", "comment": null}, "type": {"type": "text", "index": 2, "name": "type", "comment": null}, "price_change_reason": {"type": "text", "index": 3, "name": "price_change_reason", "comment": null}, "change_date": {"type": "date", "index": 4, "name": "change_date", "comment": null}, "price_old": {"type": "text", "index": 5, "name": "price_old", "comment": null}, "price_new": {"type": "text", "index": 6, "name": "price_new", "comment": null}}, "stats": {"has_stats": {"id": "has_stats", "label": "Has Stats?", "value": false, "include": false, "description": "Indicates whether there are statistics for this table"}}, "unique_id": "model.property_cro.ad_price_history"}, "model.property_cro.ad_price_history_agg": {"metadata": {"type": "BASE TABLE", "schema": "analytics_common", "name": "ad_price_history_agg", "database": "property_cro", "comment": null, "owner": "db_admin"}, "columns": {"ad_id": {"type": "integer", "index": 1, "name": "ad_id", "comment": null}, "price_change_history": {"type": "json", "index": 2, "name": "price_change_history", "comment": null}, "created_at": {"type": "timestamp(0) with time zone", "index": 3, "name": "created_at", "comment": null}, "version": {"type": "integer", "index": 4, "name": "version", "comment": null}, "price_sqm": {"type": "numeric", "index": 5, "name": "price_sqm", "comment": null}, "area_sized_price_sqm": {"type": "numeric", "index": 6, "name": "area_sized_price_sqm", "comment": null}, "year_built": {"type": "integer", "index": 7, "name": "year_built", "comment": null}, "floor": {"type": "character varying", "index": 8, "name": "floor", "comment": null}, "advertiser": {"type": "text", "index": 9, "name": "advertiser", "comment": null}, "days_on_the_market": {"type": "integer", "index": 10, "name": "days_on_the_market", "comment": null}}, "stats": {"has_stats": {"id": "has_stats", "label": "Has Stats?", "value": false, "include": false, "description": "Indicates whether there are statistics for this table"}}, "unique_id": "model.property_cro.ad_price_history_agg"}, "model.property_cro.mv_date_to_quarter_mapping": {"metadata": {"type": "BASE TABLE", "schema": "analytics_common", "name": "mv_date_to_quarter_mapping", "database": "property_cro", "comment": null, "owner": "db_admin"}, "columns": {"date_": {"type": "date", "index": 1, "name": "date_", "comment": null}, "quarter": {"type": "date", "index": 2, "name": "quarter", "comment": null}}, "stats": {"has_stats": {"id": "has_stats", "label": "Has Stats?", "value": false, "include": false, "description": "Indicates whether there are statistics for this table"}}, "unique_id": "model.property_cro.mv_date_to_quarter_mapping"}, "model.property_cro.zagreb_locations": {"metadata": {"type": "BASE TABLE", "schema": "analytics_common", "name": "zagreb_locations", "database": "property_cro", "comment": null, "owner": "db_admin"}, "columns": {"location": {"type": "text", "index": 1, "name": "location", "comment": null}}, "stats": {"has_stats": {"id": "has_stats", "label": "Has Stats?", "value": false, "include": false, "description": "Indicates whether there are statistics for this table"}}, "unique_id": "model.property_cro.zagreb_locations"}, "model.property_cro.4mv_enriched_ad_rentals_flats": {"metadata": {"type": "BASE TABLE", "schema": "analytics_rentals_flats", "name": "mv_enriched_ad", "database": "property_cro", "comment": null, "owner": "db_admin"}, "columns": {"location": {"type": "text", "index": 1, "name": "location", "comment": null}, "title": {"type": "text", "index": 2, "name": "title", "comment": null}, "link": {"type": "text", "index": 3, "name": "link", "comment": null}, "flat_type": {"type": "text", "index": 4, "name": "flat_type", "comment": null}, "floor": {"type": "text", "index": 5, "name": "floor", "comment": null}, "size": {"type": "real", "index": 6, "name": "size", "comment": null}, "price": {"type": "real", "index": 7, "name": "price", "comment": null}, "first_price": {"type": "real", "index": 8, "name": "first_price", "comment": null}, "current_price": {"type": "real", "index": 9, "name": "current_price", "comment": null}, "num_seen": {"type": "bigint", "index": 10, "name": "num_seen", "comment": null}, "price_m2": {"type": "numeric", "index": 11, "name": "price_m2", "comment": null}, "area_price_m2": {"type": "numeric", "index": 12, "name": "area_price_m2", "comment": null}, "area_discount": {"type": "numeric", "index": 13, "name": "area_discount", "comment": null}, "area_sized_price_m2": {"type": "numeric", "index": 14, "name": "area_sized_price_m2", "comment": null}, "area_sized_discount": {"type": "numeric", "index": 15, "name": "area_sized_discount", "comment": null}, "area_aged_sized_price_m2": {"type": "numeric", "index": 16, "name": "area_aged_sized_price_m2", "comment": null}, "area_aged_sized_discount": {"type": "numeric", "index": 17, "name": "area_aged_sized_discount", "comment": null}, "price_drop_pecentage": {"type": "numeric", "index": 18, "name": "price_drop_pecentage", "comment": null}, "first_seen": {"type": "date", "index": 19, "name": "first_seen", "comment": null}, "last_seen": {"type": "date", "index": 20, "name": "last_seen", "comment": null}, "ad_id": {"type": "integer", "index": 21, "name": "ad_id", "comment": null}, "latest_seen_date": {"type": "date", "index": 22, "name": "latest_seen_date", "comment": null}, "status": {"type": "text", "index": 23, "name": "status", "comment": null}, "days_on_the_market": {"type": "integer", "index": 24, "name": "days_on_the_market", "comment": null}, "price_3": {"type": "real", "index": 25, "name": "price_3", "comment": null}, "price_7": {"type": "real", "index": 26, "name": "price_7", "comment": null}, "price_15": {"type": "real", "index": 27, "name": "price_15", "comment": null}, "price_30": {"type": "real", "index": 28, "name": "price_30", "comment": null}, "price_45": {"type": "real", "index": 29, "name": "price_45", "comment": null}, "price_60": {"type": "real", "index": 30, "name": "price_60", "comment": null}, "url": {"type": "text", "index": 31, "name": "url", "comment": null}, "location2": {"type": "text", "index": 32, "name": "location2", "comment": null}, "street": {"type": "text", "index": 33, "name": "street", "comment": null}, "num_views": {"type": "integer", "index": 34, "name": "num_views", "comment": null}, "advertiser": {"type": "text", "index": 35, "name": "advertiser", "comment": null}, "number_of_floors": {"type": "text", "index": 36, "name": "number_of_floors", "comment": null}, "year_built": {"type": "integer", "index": 37, "name": "year_built", "comment": null}, "year_last_renovated": {"type": "integer", "index": 38, "name": "year_last_renovated", "comment": null}, "total_liveable_area": {"type": "real", "index": 39, "name": "total_liveable_area", "comment": null}, "net_area": {"type": "real", "index": 40, "name": "net_area", "comment": null}, "number_of_rooms": {"type": "integer", "index": 41, "name": "number_of_rooms", "comment": null}, "number_of_parking_spots": {"type": "text", "index": 42, "name": "number_of_parking_spots", "comment": null}, "balcony_terrace": {"type": "text", "index": 43, "name": "balcony_terrace", "comment": null}, "floor_desc": {"type": "text", "index": 44, "name": "floor_desc", "comment": null}, "furbishment_state": {"type": "text", "index": 45, "name": "furbishment_state", "comment": null}, "epc_rating": {"type": "text", "index": 46, "name": "epc_rating", "comment": null}, "table_data": {"type": "jsonb", "index": 47, "name": "table_data", "comment": null}, "description": {"type": "text", "index": 48, "name": "description", "comment": null}, "extra_description": {"type": "text", "index": 49, "name": "extra_description", "comment": null}, "seen_time": {"type": "timestamp with time zone", "index": 50, "name": "seen_time", "comment": null}, "apartment_type": {"type": "text", "index": 51, "name": "apartment_type", "comment": null}, "total_number_of_floors_in_building": {"type": "integer", "index": 52, "name": "total_number_of_floors_in_building", "comment": null}}, "stats": {"has_stats": {"id": "has_stats", "label": "Has Stats?", "value": false, "include": false, "description": "Indicates whether there are statistics for this table"}}, "unique_id": "model.property_cro.4mv_enriched_ad_rentals_flats"}, "model.property_cro.3vw_avg_ask_px_per_loc_rentals_flats": {"metadata": {"type": "VIEW", "schema": "analytics_rentals_flats", "name": "vw_avg_ask_px_per_loc", "database": "property_cro", "comment": null, "owner": "db_admin"}, "columns": {"location": {"type": "text", "index": 1, "name": "location", "comment": null}, "area_total_ads": {"type": "bigint", "index": 2, "name": "area_total_ads", "comment": null}, "area_average": {"type": "double precision", "index": 3, "name": "area_average", "comment": null}}, "stats": {"has_stats": {"id": "has_stats", "label": "Has Stats?", "value": false, "include": false, "description": "Indicates whether there are statistics for this table"}}, "unique_id": "model.property_cro.3vw_avg_ask_px_per_loc_rentals_flats"}, "model.property_cro.3vw_avg_ask_px_per_loc_size_rentals_flats": {"metadata": {"type": "VIEW", "schema": "analytics_rentals_flats", "name": "vw_avg_ask_px_per_loc_size", "database": "property_cro", "comment": null, "owner": "db_admin"}, "columns": {"location": {"type": "text", "index": 1, "name": "location", "comment": null}, "size": {"type": "double precision", "index": 2, "name": "size", "comment": null}, "area_total_ads": {"type": "bigint", "index": 3, "name": "area_total_ads", "comment": null}, "area_average": {"type": "double precision", "index": 4, "name": "area_average", "comment": null}}, "stats": {"has_stats": {"id": "has_stats", "label": "Has Stats?", "value": false, "include": false, "description": "Indicates whether there are statistics for this table"}}, "unique_id": "model.property_cro.3vw_avg_ask_px_per_loc_size_rentals_flats"}, "model.property_cro.3vw_avg_ask_px_per_loc_year_size_rentals_flats": {"metadata": {"type": "VIEW", "schema": "analytics_rentals_flats", "name": "vw_avg_ask_px_per_loc_year_size", "database": "property_cro", "comment": null, "owner": "db_admin"}, "columns": {"location": {"type": "text", "index": 1, "name": "location", "comment": null}, "year_range": {"type": "double precision", "index": 2, "name": "year_range", "comment": null}, "size": {"type": "double precision", "index": 3, "name": "size", "comment": null}, "area_total_ads": {"type": "bigint", "index": 4, "name": "area_total_ads", "comment": null}, "area_average": {"type": "double precision", "index": 5, "name": "area_average", "comment": null}}, "stats": {"has_stats": {"id": "has_stats", "label": "Has Stats?", "value": false, "include": false, "description": "Indicates whether there are statistics for this table"}}, "unique_id": "model.property_cro.3vw_avg_ask_px_per_loc_year_size_rentals_flats"}, "model.property_cro.1vw_last_ad_time_rentals_flats": {"metadata": {"type": "VIEW", "schema": "analytics_rentals_flats", "name": "vw_last_ad_time", "database": "property_cro", "comment": null, "owner": "db_admin"}, "columns": {"ad_id": {"type": "integer", "index": 1, "name": "ad_id", "comment": null}, "first_seen": {"type": "date", "index": 2, "name": "first_seen", "comment": null}, "last_seen": {"type": "date", "index": 3, "name": "last_seen", "comment": null}, "status": {"type": "text", "index": 4, "name": "status", "comment": null}, "days_on_the_market": {"type": "integer", "index": 5, "name": "days_on_the_market", "comment": null}}, "stats": {"has_stats": {"id": "has_stats", "label": "Has Stats?", "value": false, "include": false, "description": "Indicates whether there are statistics for this table"}}, "unique_id": "model.property_cro.1vw_last_ad_time_rentals_flats"}, "model.property_cro.2vw_price_history_rentals_flats": {"metadata": {"type": "VIEW", "schema": "analytics_rentals_flats", "name": "vw_price_history", "database": "property_cro", "comment": null, "owner": "db_admin"}, "columns": {"location": {"type": "text", "index": 1, "name": "location", "comment": null}, "title": {"type": "text", "index": 2, "name": "title", "comment": null}, "link": {"type": "text", "index": 3, "name": "link", "comment": null}, "flat_type": {"type": "text", "index": 4, "name": "flat_type", "comment": null}, "floor": {"type": "text", "index": 5, "name": "floor", "comment": null}, "size": {"type": "real", "index": 6, "name": "size", "comment": null}, "price": {"type": "real", "index": 7, "name": "price", "comment": null}, "ad_id": {"type": "integer", "index": 8, "name": "ad_id", "comment": null}, "last_seen": {"type": "date", "index": 9, "name": "last_seen", "comment": null}, "first_seen": {"type": "date", "index": 10, "name": "first_seen", "comment": null}, "current_price": {"type": "real", "index": 11, "name": "current_price", "comment": null}, "first_price": {"type": "real", "index": 12, "name": "first_price", "comment": null}, "price_60": {"type": "real", "index": 13, "name": "price_60", "comment": null}, "price_45": {"type": "real", "index": 14, "name": "price_45", "comment": null}, "price_30": {"type": "real", "index": 15, "name": "price_30", "comment": null}, "price_15": {"type": "real", "index": 16, "name": "price_15", "comment": null}, "price_7": {"type": "real", "index": 17, "name": "price_7", "comment": null}, "price_3": {"type": "real", "index": 18, "name": "price_3", "comment": null}, "num_seen": {"type": "bigint", "index": 19, "name": "num_seen", "comment": null}, "latest_seen_date": {"type": "date", "index": 20, "name": "latest_seen_date", "comment": null}, "days_on_the_market": {"type": "integer", "index": 21, "name": "days_on_the_market", "comment": null}, "status": {"type": "text", "index": 22, "name": "status", "comment": null}}, "stats": {"has_stats": {"id": "has_stats", "label": "Has Stats?", "value": false, "include": false, "description": "Indicates whether there are statistics for this table"}}, "unique_id": "model.property_cro.2vw_price_history_rentals_flats"}, "model.property_cro.mv_inventory_location_rentals_flats": {"metadata": {"type": "BASE TABLE", "schema": "analytics_rentals_flats_analysis", "name": "mv_inventory_location_rentals_flats", "database": "property_cro", "comment": null, "owner": "db_admin"}, "columns": {"year_month": {"type": "date", "index": 1, "name": "year_month", "comment": null}, "location": {"type": "text", "index": 2, "name": "location", "comment": null}, "new_ads_qty": {"type": "bigint", "index": 3, "name": "new_ads_qty", "comment": null}, "new_ads_dom": {"type": "numeric", "index": 4, "name": "new_ads_dom", "comment": null}, "new_ads_avg_px_m2": {"type": "numeric", "index": 5, "name": "new_ads_avg_px_m2", "comment": null}, "new_ads_avg_px": {"type": "numeric", "index": 6, "name": "new_ads_avg_px", "comment": null}, "new_ads_avg_size": {"type": "numeric", "index": 7, "name": "new_ads_avg_size", "comment": null}, "sold_ads_qty": {"type": "bigint", "index": 8, "name": "sold_ads_qty", "comment": null}, "sold_ads_dom": {"type": "numeric", "index": 9, "name": "sold_ads_dom", "comment": null}, "sold_ads_avg_px_m2": {"type": "numeric", "index": 10, "name": "sold_ads_avg_px_m2", "comment": null}, "sold_ads_avg_px": {"type": "numeric", "index": 11, "name": "sold_ads_avg_px", "comment": null}, "sold_ads_avg_size": {"type": "numeric", "index": 12, "name": "sold_ads_avg_size", "comment": null}, "active_ads_qty": {"type": "bigint", "index": 13, "name": "active_ads_qty", "comment": null}, "active_ads_dom": {"type": "numeric", "index": 14, "name": "active_ads_dom", "comment": null}, "active_ads_avg_px_m2": {"type": "numeric", "index": 15, "name": "active_ads_avg_px_m2", "comment": null}, "active_ads_avg_px": {"type": "numeric", "index": 16, "name": "active_ads_avg_px", "comment": null}, "active_ads_avg_size": {"type": "numeric", "index": 17, "name": "active_ads_avg_size", "comment": null}}, "stats": {"has_stats": {"id": "has_stats", "label": "Has Stats?", "value": false, "include": false, "description": "Indicates whether there are statistics for this table"}}, "unique_id": "model.property_cro.mv_inventory_location_rentals_flats"}, "model.property_cro.mv_inventory_rentals_flats": {"metadata": {"type": "BASE TABLE", "schema": "analytics_rentals_flats_analysis", "name": "mv_inventory_rentals_flats", "database": "property_cro", "comment": null, "owner": "db_admin"}, "columns": {"year_month": {"type": "date", "index": 1, "name": "year_month", "comment": null}, "new_ads_qty": {"type": "bigint", "index": 2, "name": "new_ads_qty", "comment": null}, "new_ads_dom": {"type": "numeric", "index": 3, "name": "new_ads_dom", "comment": null}, "new_ads_avg_px_m2": {"type": "numeric", "index": 4, "name": "new_ads_avg_px_m2", "comment": null}, "new_ads_avg_px": {"type": "numeric", "index": 5, "name": "new_ads_avg_px", "comment": null}, "new_ads_avg_size": {"type": "numeric", "index": 6, "name": "new_ads_avg_size", "comment": null}, "sold_ads_qty": {"type": "bigint", "index": 7, "name": "sold_ads_qty", "comment": null}, "sold_ads_dom": {"type": "numeric", "index": 8, "name": "sold_ads_dom", "comment": null}, "sold_ads_avg_px_m2": {"type": "numeric", "index": 9, "name": "sold_ads_avg_px_m2", "comment": null}, "sold_ads_avg_px": {"type": "numeric", "index": 10, "name": "sold_ads_avg_px", "comment": null}, "sold_ads_avg_size": {"type": "numeric", "index": 11, "name": "sold_ads_avg_size", "comment": null}, "active_ads_qty": {"type": "bigint", "index": 12, "name": "active_ads_qty", "comment": null}, "active_ads_dom": {"type": "numeric", "index": 13, "name": "active_ads_dom", "comment": null}, "active_ads_avg_px_m2": {"type": "numeric", "index": 14, "name": "active_ads_avg_px_m2", "comment": null}, "active_ads_avg_px": {"type": "numeric", "index": 15, "name": "active_ads_avg_px", "comment": null}, "active_ads_avg_size": {"type": "numeric", "index": 16, "name": "active_ads_avg_size", "comment": null}}, "stats": {"has_stats": {"id": "has_stats", "label": "Has Stats?", "value": false, "include": false, "description": "Indicates whether there are statistics for this table"}}, "unique_id": "model.property_cro.mv_inventory_rentals_flats"}, "model.property_cro.4mv_enriched_ad_sales_flats": {"metadata": {"type": "BASE TABLE", "schema": "analytics_sales_flats", "name": "mv_enriched_ad", "database": "property_cro", "comment": null, "owner": "db_admin"}, "columns": {"location": {"type": "text", "index": 1, "name": "location", "comment": null}, "title": {"type": "text", "index": 2, "name": "title", "comment": null}, "link": {"type": "text", "index": 3, "name": "link", "comment": null}, "flat_type": {"type": "text", "index": 4, "name": "flat_type", "comment": null}, "floor": {"type": "text", "index": 5, "name": "floor", "comment": null}, "size": {"type": "real", "index": 6, "name": "size", "comment": null}, "price": {"type": "real", "index": 7, "name": "price", "comment": null}, "first_price": {"type": "real", "index": 8, "name": "first_price", "comment": null}, "current_price": {"type": "real", "index": 9, "name": "current_price", "comment": null}, "num_seen": {"type": "bigint", "index": 10, "name": "num_seen", "comment": null}, "price_m2": {"type": "numeric", "index": 11, "name": "price_m2", "comment": null}, "area_price_m2": {"type": "numeric", "index": 12, "name": "area_price_m2", "comment": null}, "area_discount": {"type": "numeric", "index": 13, "name": "area_discount", "comment": null}, "area_sized_price_m2": {"type": "numeric", "index": 14, "name": "area_sized_price_m2", "comment": null}, "area_sized_discount": {"type": "numeric", "index": 15, "name": "area_sized_discount", "comment": null}, "area_aged_sized_price_m2": {"type": "numeric", "index": 16, "name": "area_aged_sized_price_m2", "comment": null}, "area_aged_sized_discount": {"type": "numeric", "index": 17, "name": "area_aged_sized_discount", "comment": null}, "price_drop_pecentage": {"type": "numeric", "index": 18, "name": "price_drop_pecentage", "comment": null}, "first_seen": {"type": "date", "index": 19, "name": "first_seen", "comment": null}, "last_seen": {"type": "date", "index": 20, "name": "last_seen", "comment": null}, "ad_id": {"type": "integer", "index": 21, "name": "ad_id", "comment": null}, "latest_seen_date": {"type": "date", "index": 22, "name": "latest_seen_date", "comment": null}, "status": {"type": "text", "index": 23, "name": "status", "comment": null}, "days_on_the_market": {"type": "integer", "index": 24, "name": "days_on_the_market", "comment": null}, "price_3": {"type": "real", "index": 25, "name": "price_3", "comment": null}, "price_7": {"type": "real", "index": 26, "name": "price_7", "comment": null}, "price_15": {"type": "real", "index": 27, "name": "price_15", "comment": null}, "price_30": {"type": "real", "index": 28, "name": "price_30", "comment": null}, "price_45": {"type": "real", "index": 29, "name": "price_45", "comment": null}, "price_60": {"type": "real", "index": 30, "name": "price_60", "comment": null}, "url": {"type": "text", "index": 31, "name": "url", "comment": null}, "location2": {"type": "text", "index": 32, "name": "location2", "comment": null}, "street": {"type": "text", "index": 33, "name": "street", "comment": null}, "num_views": {"type": "integer", "index": 34, "name": "num_views", "comment": null}, "advertiser": {"type": "text", "index": 35, "name": "advertiser", "comment": null}, "number_of_floors": {"type": "text", "index": 36, "name": "number_of_floors", "comment": null}, "year_built": {"type": "integer", "index": 37, "name": "year_built", "comment": null}, "year_last_renovated": {"type": "integer", "index": 38, "name": "year_last_renovated", "comment": null}, "total_liveable_area": {"type": "real", "index": 39, "name": "total_liveable_area", "comment": null}, "net_area": {"type": "real", "index": 40, "name": "net_area", "comment": null}, "number_of_rooms": {"type": "integer", "index": 41, "name": "number_of_rooms", "comment": null}, "number_of_parking_spots": {"type": "text", "index": 42, "name": "number_of_parking_spots", "comment": null}, "balcony_terrace": {"type": "text", "index": 43, "name": "balcony_terrace", "comment": null}, "floor_desc": {"type": "text", "index": 44, "name": "floor_desc", "comment": null}, "furbishment_state": {"type": "text", "index": 45, "name": "furbishment_state", "comment": null}, "epc_rating": {"type": "text", "index": 46, "name": "epc_rating", "comment": null}, "table_data": {"type": "jsonb", "index": 47, "name": "table_data", "comment": null}, "description": {"type": "text", "index": 48, "name": "description", "comment": null}, "extra_description": {"type": "text", "index": 49, "name": "extra_description", "comment": null}, "seen_time": {"type": "timestamp with time zone", "index": 50, "name": "seen_time", "comment": null}, "apartment_type": {"type": "text", "index": 51, "name": "apartment_type", "comment": null}, "total_number_of_floors_in_building": {"type": "integer", "index": 52, "name": "total_number_of_floors_in_building", "comment": null}}, "stats": {"has_stats": {"id": "has_stats", "label": "Has Stats?", "value": false, "include": false, "description": "Indicates whether there are statistics for this table"}}, "unique_id": "model.property_cro.4mv_enriched_ad_sales_flats"}, "model.property_cro.3vw_avg_ask_px_per_loc_sales_flats": {"metadata": {"type": "VIEW", "schema": "analytics_sales_flats", "name": "vw_avg_ask_px_per_loc", "database": "property_cro", "comment": null, "owner": "db_admin"}, "columns": {"location": {"type": "text", "index": 1, "name": "location", "comment": null}, "area_total_ads": {"type": "bigint", "index": 2, "name": "area_total_ads", "comment": null}, "area_average": {"type": "double precision", "index": 3, "name": "area_average", "comment": null}}, "stats": {"has_stats": {"id": "has_stats", "label": "Has Stats?", "value": false, "include": false, "description": "Indicates whether there are statistics for this table"}}, "unique_id": "model.property_cro.3vw_avg_ask_px_per_loc_sales_flats"}, "model.property_cro.3vw_avg_ask_px_per_loc_size_sales_flats": {"metadata": {"type": "VIEW", "schema": "analytics_sales_flats", "name": "vw_avg_ask_px_per_loc_size", "database": "property_cro", "comment": null, "owner": "db_admin"}, "columns": {"location": {"type": "text", "index": 1, "name": "location", "comment": null}, "size": {"type": "double precision", "index": 2, "name": "size", "comment": null}, "area_total_ads": {"type": "bigint", "index": 3, "name": "area_total_ads", "comment": null}, "area_average": {"type": "double precision", "index": 4, "name": "area_average", "comment": null}}, "stats": {"has_stats": {"id": "has_stats", "label": "Has Stats?", "value": false, "include": false, "description": "Indicates whether there are statistics for this table"}}, "unique_id": "model.property_cro.3vw_avg_ask_px_per_loc_size_sales_flats"}, "model.property_cro.3vw_avg_ask_px_per_loc_year_size_sales_flats": {"metadata": {"type": "VIEW", "schema": "analytics_sales_flats", "name": "vw_avg_ask_px_per_loc_year_size", "database": "property_cro", "comment": null, "owner": "db_admin"}, "columns": {"location": {"type": "text", "index": 1, "name": "location", "comment": null}, "year_range": {"type": "double precision", "index": 2, "name": "year_range", "comment": null}, "size": {"type": "double precision", "index": 3, "name": "size", "comment": null}, "area_total_ads": {"type": "bigint", "index": 4, "name": "area_total_ads", "comment": null}, "area_average": {"type": "double precision", "index": 5, "name": "area_average", "comment": null}}, "stats": {"has_stats": {"id": "has_stats", "label": "Has Stats?", "value": false, "include": false, "description": "Indicates whether there are statistics for this table"}}, "unique_id": "model.property_cro.3vw_avg_ask_px_per_loc_year_size_sales_flats"}, "model.property_cro.1vw_last_ad_time_sales_flats": {"metadata": {"type": "VIEW", "schema": "analytics_sales_flats", "name": "vw_last_ad_time", "database": "property_cro", "comment": null, "owner": "db_admin"}, "columns": {"ad_id": {"type": "integer", "index": 1, "name": "ad_id", "comment": null}, "first_seen": {"type": "date", "index": 2, "name": "first_seen", "comment": null}, "last_seen": {"type": "date", "index": 3, "name": "last_seen", "comment": null}, "status": {"type": "text", "index": 4, "name": "status", "comment": null}, "days_on_the_market": {"type": "integer", "index": 5, "name": "days_on_the_market", "comment": null}}, "stats": {"has_stats": {"id": "has_stats", "label": "Has Stats?", "value": false, "include": false, "description": "Indicates whether there are statistics for this table"}}, "unique_id": "model.property_cro.1vw_last_ad_time_sales_flats"}, "model.property_cro.2vw_price_history_sales_flats": {"metadata": {"type": "VIEW", "schema": "analytics_sales_flats", "name": "vw_price_history", "database": "property_cro", "comment": null, "owner": "db_admin"}, "columns": {"location": {"type": "text", "index": 1, "name": "location", "comment": null}, "title": {"type": "text", "index": 2, "name": "title", "comment": null}, "link": {"type": "text", "index": 3, "name": "link", "comment": null}, "flat_type": {"type": "text", "index": 4, "name": "flat_type", "comment": null}, "floor": {"type": "text", "index": 5, "name": "floor", "comment": null}, "size": {"type": "real", "index": 6, "name": "size", "comment": null}, "price": {"type": "real", "index": 7, "name": "price", "comment": null}, "ad_id": {"type": "integer", "index": 8, "name": "ad_id", "comment": null}, "last_seen": {"type": "date", "index": 9, "name": "last_seen", "comment": null}, "first_seen": {"type": "date", "index": 10, "name": "first_seen", "comment": null}, "current_price": {"type": "real", "index": 11, "name": "current_price", "comment": null}, "first_price": {"type": "real", "index": 12, "name": "first_price", "comment": null}, "price_60": {"type": "real", "index": 13, "name": "price_60", "comment": null}, "price_45": {"type": "real", "index": 14, "name": "price_45", "comment": null}, "price_30": {"type": "real", "index": 15, "name": "price_30", "comment": null}, "price_15": {"type": "real", "index": 16, "name": "price_15", "comment": null}, "price_7": {"type": "real", "index": 17, "name": "price_7", "comment": null}, "price_3": {"type": "real", "index": 18, "name": "price_3", "comment": null}, "num_seen": {"type": "bigint", "index": 19, "name": "num_seen", "comment": null}, "latest_seen_date": {"type": "date", "index": 20, "name": "latest_seen_date", "comment": null}, "days_on_the_market": {"type": "integer", "index": 21, "name": "days_on_the_market", "comment": null}, "status": {"type": "text", "index": 22, "name": "status", "comment": null}}, "stats": {"has_stats": {"id": "has_stats", "label": "Has Stats?", "value": false, "include": false, "description": "Indicates whether there are statistics for this table"}}, "unique_id": "model.property_cro.2vw_price_history_sales_flats"}, "model.property_cro.vw_best_new_or_reduced_alert_sales_flats": {"metadata": {"type": "VIEW", "schema": "analytics_sales_flats_alerts", "name": "vw_best_new_or_reduced_flats", "database": "property_cro", "comment": null, "owner": "db_admin"}, "columns": {"location": {"type": "text", "index": 1, "name": "location", "comment": null}, "title": {"type": "text", "index": 2, "name": "title", "comment": null}, "link": {"type": "text", "index": 3, "name": "link", "comment": null}, "flat_type": {"type": "text", "index": 4, "name": "flat_type", "comment": null}, "floor": {"type": "text", "index": 5, "name": "floor", "comment": null}, "size": {"type": "real", "index": 6, "name": "size", "comment": null}, "price": {"type": "real", "index": 7, "name": "price", "comment": null}, "first_price": {"type": "real", "index": 8, "name": "first_price", "comment": null}, "current_price": {"type": "real", "index": 9, "name": "current_price", "comment": null}, "num_seen": {"type": "bigint", "index": 10, "name": "num_seen", "comment": null}, "price_m2": {"type": "numeric", "index": 11, "name": "price_m2", "comment": null}, "area_price_m2": {"type": "numeric", "index": 12, "name": "area_price_m2", "comment": null}, "area_discount": {"type": "numeric", "index": 13, "name": "area_discount", "comment": null}, "area_sized_price_m2": {"type": "numeric", "index": 14, "name": "area_sized_price_m2", "comment": null}, "area_aged_sized_price_m2": {"type": "numeric", "index": 15, "name": "area_aged_sized_price_m2", "comment": null}, "price_drop_pecentage": {"type": "numeric", "index": 16, "name": "price_drop_pecentage", "comment": null}, "first_seen": {"type": "date", "index": 17, "name": "first_seen", "comment": null}, "last_seen": {"type": "date", "index": 18, "name": "last_seen", "comment": null}, "ad_id": {"type": "integer", "index": 19, "name": "ad_id", "comment": null}, "latest_seen_date": {"type": "date", "index": 20, "name": "latest_seen_date", "comment": null}, "status": {"type": "text", "index": 21, "name": "status", "comment": null}, "days_on_the_market": {"type": "integer", "index": 22, "name": "days_on_the_market", "comment": null}, "price_7": {"type": "real", "index": 23, "name": "price_7", "comment": null}, "price_15": {"type": "real", "index": 24, "name": "price_15", "comment": null}, "price_30": {"type": "real", "index": 25, "name": "price_30", "comment": null}, "price_45": {"type": "real", "index": 26, "name": "price_45", "comment": null}, "price_60": {"type": "real", "index": 27, "name": "price_60", "comment": null}, "url": {"type": "text", "index": 28, "name": "url", "comment": null}, "location2": {"type": "text", "index": 29, "name": "location2", "comment": null}, "street": {"type": "text", "index": 30, "name": "street", "comment": null}, "num_views": {"type": "integer", "index": 31, "name": "num_views", "comment": null}, "apartment_type": {"type": "text", "index": 32, "name": "apartment_type", "comment": null}, "number_of_floors": {"type": "text", "index": 33, "name": "number_of_floors", "comment": null}, "year_built": {"type": "integer", "index": 34, "name": "year_built", "comment": null}, "year_last_renovated": {"type": "integer", "index": 35, "name": "year_last_renovated", "comment": null}, "total_liveable_area": {"type": "real", "index": 36, "name": "total_liveable_area", "comment": null}, "net_area": {"type": "real", "index": 37, "name": "net_area", "comment": null}, "number_of_rooms": {"type": "integer", "index": 38, "name": "number_of_rooms", "comment": null}, "number_of_parking_spots": {"type": "text", "index": 39, "name": "number_of_parking_spots", "comment": null}, "balcony_terrace": {"type": "text", "index": 40, "name": "balcony_terrace", "comment": null}, "total_number_of_floors_in_building": {"type": "integer", "index": 41, "name": "total_number_of_floors_in_building", "comment": null}, "furbishment_state": {"type": "text", "index": 42, "name": "furbishment_state", "comment": null}, "epc_rating": {"type": "text", "index": 43, "name": "epc_rating", "comment": null}, "table_data": {"type": "jsonb", "index": 44, "name": "table_data", "comment": null}, "description": {"type": "text", "index": 45, "name": "description", "comment": null}, "extra_description": {"type": "text", "index": 46, "name": "extra_description", "comment": null}, "seen_time": {"type": "timestamp with time zone", "index": 47, "name": "seen_time", "comment": null}, "advertiser": {"type": "text", "index": 48, "name": "advertiser", "comment": null}}, "stats": {"has_stats": {"id": "has_stats", "label": "Has Stats?", "value": false, "include": false, "description": "Indicates whether there are statistics for this table"}}, "unique_id": "model.property_cro.vw_best_new_or_reduced_alert_sales_flats"}, "model.property_cro.vw_best_streets_in_zagreb": {"metadata": {"type": "VIEW", "schema": "analytics_sales_flats_alerts", "name": "vw_best_streets_zg", "database": "property_cro", "comment": null, "owner": "db_admin"}, "columns": {"location": {"type": "text", "index": 1, "name": "location", "comment": null}, "title": {"type": "text", "index": 2, "name": "title", "comment": null}, "link": {"type": "text", "index": 3, "name": "link", "comment": null}, "flat_type": {"type": "text", "index": 4, "name": "flat_type", "comment": null}, "floor": {"type": "text", "index": 5, "name": "floor", "comment": null}, "size": {"type": "real", "index": 6, "name": "size", "comment": null}, "price": {"type": "real", "index": 7, "name": "price", "comment": null}, "first_price": {"type": "real", "index": 8, "name": "first_price", "comment": null}, "current_price": {"type": "real", "index": 9, "name": "current_price", "comment": null}, "num_seen": {"type": "bigint", "index": 10, "name": "num_seen", "comment": null}, "price_m2": {"type": "numeric", "index": 11, "name": "price_m2", "comment": null}, "area_price_m2": {"type": "numeric", "index": 12, "name": "area_price_m2", "comment": null}, "area_discount": {"type": "numeric", "index": 13, "name": "area_discount", "comment": null}, "area_sized_price_m2": {"type": "numeric", "index": 14, "name": "area_sized_price_m2", "comment": null}, "area_aged_sized_price_m2": {"type": "numeric", "index": 15, "name": "area_aged_sized_price_m2", "comment": null}, "price_drop_pecentage": {"type": "numeric", "index": 16, "name": "price_drop_pecentage", "comment": null}, "first_seen": {"type": "date", "index": 17, "name": "first_seen", "comment": null}, "last_seen": {"type": "date", "index": 18, "name": "last_seen", "comment": null}, "ad_id": {"type": "integer", "index": 19, "name": "ad_id", "comment": null}, "latest_seen_date": {"type": "date", "index": 20, "name": "latest_seen_date", "comment": null}, "status": {"type": "text", "index": 21, "name": "status", "comment": null}, "days_on_the_market": {"type": "integer", "index": 22, "name": "days_on_the_market", "comment": null}, "price_7": {"type": "real", "index": 23, "name": "price_7", "comment": null}, "price_15": {"type": "real", "index": 24, "name": "price_15", "comment": null}, "price_30": {"type": "real", "index": 25, "name": "price_30", "comment": null}, "price_45": {"type": "real", "index": 26, "name": "price_45", "comment": null}, "price_60": {"type": "real", "index": 27, "name": "price_60", "comment": null}, "url": {"type": "text", "index": 28, "name": "url", "comment": null}, "location2": {"type": "text", "index": 29, "name": "location2", "comment": null}, "street": {"type": "text", "index": 30, "name": "street", "comment": null}, "num_views": {"type": "integer", "index": 31, "name": "num_views", "comment": null}, "apartment_type": {"type": "text", "index": 32, "name": "apartment_type", "comment": null}, "number_of_floors": {"type": "text", "index": 33, "name": "number_of_floors", "comment": null}, "year_built": {"type": "integer", "index": 34, "name": "year_built", "comment": null}, "year_last_renovated": {"type": "integer", "index": 35, "name": "year_last_renovated", "comment": null}, "total_liveable_area": {"type": "real", "index": 36, "name": "total_liveable_area", "comment": null}, "net_area": {"type": "real", "index": 37, "name": "net_area", "comment": null}, "number_of_rooms": {"type": "integer", "index": 38, "name": "number_of_rooms", "comment": null}, "number_of_parking_spots": {"type": "text", "index": 39, "name": "number_of_parking_spots", "comment": null}, "balcony_terrace": {"type": "text", "index": 40, "name": "balcony_terrace", "comment": null}, "total_number_of_floors_in_building": {"type": "integer", "index": 41, "name": "total_number_of_floors_in_building", "comment": null}, "furbishment_state": {"type": "text", "index": 42, "name": "furbishment_state", "comment": null}, "epc_rating": {"type": "text", "index": 43, "name": "epc_rating", "comment": null}, "table_data": {"type": "jsonb", "index": 44, "name": "table_data", "comment": null}, "description": {"type": "text", "index": 45, "name": "description", "comment": null}, "extra_description": {"type": "text", "index": 46, "name": "extra_description", "comment": null}, "seen_time": {"type": "timestamp with time zone", "index": 47, "name": "seen_time", "comment": null}, "advertiser": {"type": "text", "index": 48, "name": "advertiser", "comment": null}}, "stats": {"has_stats": {"id": "has_stats", "label": "Has Stats?", "value": false, "include": false, "description": "Indicates whether there are statistics for this table"}}, "unique_id": "model.property_cro.vw_best_streets_in_zagreb"}, "model.property_cro.vw_large_price_drops_alert_sales_flats": {"metadata": {"type": "VIEW", "schema": "analytics_sales_flats_alerts", "name": "vw_large_price_drops", "database": "property_cro", "comment": null, "owner": "db_admin"}, "columns": {"location": {"type": "text", "index": 1, "name": "location", "comment": null}, "title": {"type": "text", "index": 2, "name": "title", "comment": null}, "link": {"type": "text", "index": 3, "name": "link", "comment": null}, "flat_type": {"type": "text", "index": 4, "name": "flat_type", "comment": null}, "floor": {"type": "text", "index": 5, "name": "floor", "comment": null}, "size": {"type": "real", "index": 6, "name": "size", "comment": null}, "price": {"type": "real", "index": 7, "name": "price", "comment": null}, "first_price": {"type": "real", "index": 8, "name": "first_price", "comment": null}, "current_price": {"type": "real", "index": 9, "name": "current_price", "comment": null}, "num_seen": {"type": "bigint", "index": 10, "name": "num_seen", "comment": null}, "price_m2": {"type": "numeric", "index": 11, "name": "price_m2", "comment": null}, "area_price_m2": {"type": "numeric", "index": 12, "name": "area_price_m2", "comment": null}, "area_discount": {"type": "numeric", "index": 13, "name": "area_discount", "comment": null}, "area_sized_price_m2": {"type": "numeric", "index": 14, "name": "area_sized_price_m2", "comment": null}, "area_aged_sized_price_m2": {"type": "numeric", "index": 15, "name": "area_aged_sized_price_m2", "comment": null}, "price_drop_pecentage": {"type": "numeric", "index": 16, "name": "price_drop_pecentage", "comment": null}, "first_seen": {"type": "date", "index": 17, "name": "first_seen", "comment": null}, "last_seen": {"type": "date", "index": 18, "name": "last_seen", "comment": null}, "ad_id": {"type": "integer", "index": 19, "name": "ad_id", "comment": null}, "latest_seen_date": {"type": "date", "index": 20, "name": "latest_seen_date", "comment": null}, "status": {"type": "text", "index": 21, "name": "status", "comment": null}, "days_on_the_market": {"type": "integer", "index": 22, "name": "days_on_the_market", "comment": null}, "price_3": {"type": "real", "index": 23, "name": "price_3", "comment": null}, "price_7": {"type": "real", "index": 24, "name": "price_7", "comment": null}, "price_15": {"type": "real", "index": 25, "name": "price_15", "comment": null}, "price_30": {"type": "real", "index": 26, "name": "price_30", "comment": null}, "price_45": {"type": "real", "index": 27, "name": "price_45", "comment": null}, "price_60": {"type": "real", "index": 28, "name": "price_60", "comment": null}, "url": {"type": "text", "index": 29, "name": "url", "comment": null}, "location2": {"type": "text", "index": 30, "name": "location2", "comment": null}, "street": {"type": "text", "index": 31, "name": "street", "comment": null}, "num_views": {"type": "integer", "index": 32, "name": "num_views", "comment": null}, "apartment_type": {"type": "text", "index": 33, "name": "apartment_type", "comment": null}, "number_of_floors": {"type": "text", "index": 34, "name": "number_of_floors", "comment": null}, "year_built": {"type": "integer", "index": 35, "name": "year_built", "comment": null}, "year_last_renovated": {"type": "integer", "index": 36, "name": "year_last_renovated", "comment": null}, "total_liveable_area": {"type": "real", "index": 37, "name": "total_liveable_area", "comment": null}, "net_area": {"type": "real", "index": 38, "name": "net_area", "comment": null}, "number_of_rooms": {"type": "integer", "index": 39, "name": "number_of_rooms", "comment": null}, "number_of_parking_spots": {"type": "text", "index": 40, "name": "number_of_parking_spots", "comment": null}, "balcony_terrace": {"type": "text", "index": 41, "name": "balcony_terrace", "comment": null}, "total_number_of_floors_in_building": {"type": "integer", "index": 42, "name": "total_number_of_floors_in_building", "comment": null}, "furbishment_state": {"type": "text", "index": 43, "name": "furbishment_state", "comment": null}, "epc_rating": {"type": "text", "index": 44, "name": "epc_rating", "comment": null}, "table_data": {"type": "jsonb", "index": 45, "name": "table_data", "comment": null}, "description": {"type": "text", "index": 46, "name": "description", "comment": null}, "extra_description": {"type": "text", "index": 47, "name": "extra_description", "comment": null}, "seen_time": {"type": "timestamp with time zone", "index": 48, "name": "seen_time", "comment": null}, "advertiser": {"type": "text", "index": 49, "name": "advertiser", "comment": null}}, "stats": {"has_stats": {"id": "has_stats", "label": "Has Stats?", "value": false, "include": false, "description": "Indicates whether there are statistics for this table"}}, "unique_id": "model.property_cro.vw_large_price_drops_alert_sales_flats"}, "model.property_cro.vw_modern_central_alert_sales_flats": {"metadata": {"type": "VIEW", "schema": "analytics_sales_flats_alerts", "name": "vw_modern_central_flats", "database": "property_cro", "comment": null, "owner": "db_admin"}, "columns": {"location": {"type": "text", "index": 1, "name": "location", "comment": null}, "title": {"type": "text", "index": 2, "name": "title", "comment": null}, "link": {"type": "text", "index": 3, "name": "link", "comment": null}, "flat_type": {"type": "text", "index": 4, "name": "flat_type", "comment": null}, "floor": {"type": "text", "index": 5, "name": "floor", "comment": null}, "size": {"type": "real", "index": 6, "name": "size", "comment": null}, "price": {"type": "real", "index": 7, "name": "price", "comment": null}, "first_price": {"type": "real", "index": 8, "name": "first_price", "comment": null}, "current_price": {"type": "real", "index": 9, "name": "current_price", "comment": null}, "num_seen": {"type": "bigint", "index": 10, "name": "num_seen", "comment": null}, "price_m2": {"type": "numeric", "index": 11, "name": "price_m2", "comment": null}, "area_price_m2": {"type": "numeric", "index": 12, "name": "area_price_m2", "comment": null}, "area_discount": {"type": "numeric", "index": 13, "name": "area_discount", "comment": null}, "area_sized_price_m2": {"type": "numeric", "index": 14, "name": "area_sized_price_m2", "comment": null}, "area_aged_sized_price_m2": {"type": "numeric", "index": 15, "name": "area_aged_sized_price_m2", "comment": null}, "price_drop_pecentage": {"type": "numeric", "index": 16, "name": "price_drop_pecentage", "comment": null}, "first_seen": {"type": "date", "index": 17, "name": "first_seen", "comment": null}, "last_seen": {"type": "date", "index": 18, "name": "last_seen", "comment": null}, "ad_id": {"type": "integer", "index": 19, "name": "ad_id", "comment": null}, "latest_seen_date": {"type": "date", "index": 20, "name": "latest_seen_date", "comment": null}, "status": {"type": "text", "index": 21, "name": "status", "comment": null}, "days_on_the_market": {"type": "integer", "index": 22, "name": "days_on_the_market", "comment": null}, "price_3": {"type": "real", "index": 23, "name": "price_3", "comment": null}, "price_7": {"type": "real", "index": 24, "name": "price_7", "comment": null}, "price_15": {"type": "real", "index": 25, "name": "price_15", "comment": null}, "price_30": {"type": "real", "index": 26, "name": "price_30", "comment": null}, "price_45": {"type": "real", "index": 27, "name": "price_45", "comment": null}, "price_60": {"type": "real", "index": 28, "name": "price_60", "comment": null}, "url": {"type": "text", "index": 29, "name": "url", "comment": null}, "location2": {"type": "text", "index": 30, "name": "location2", "comment": null}, "street": {"type": "text", "index": 31, "name": "street", "comment": null}, "num_views": {"type": "integer", "index": 32, "name": "num_views", "comment": null}, "apartment_type": {"type": "text", "index": 33, "name": "apartment_type", "comment": null}, "number_of_floors": {"type": "text", "index": 34, "name": "number_of_floors", "comment": null}, "year_built": {"type": "integer", "index": 35, "name": "year_built", "comment": null}, "year_last_renovated": {"type": "integer", "index": 36, "name": "year_last_renovated", "comment": null}, "total_liveable_area": {"type": "real", "index": 37, "name": "total_liveable_area", "comment": null}, "net_area": {"type": "real", "index": 38, "name": "net_area", "comment": null}, "number_of_rooms": {"type": "integer", "index": 39, "name": "number_of_rooms", "comment": null}, "number_of_parking_spots": {"type": "text", "index": 40, "name": "number_of_parking_spots", "comment": null}, "balcony_terrace": {"type": "text", "index": 41, "name": "balcony_terrace", "comment": null}, "total_number_of_floors_in_building": {"type": "integer", "index": 42, "name": "total_number_of_floors_in_building", "comment": null}, "furbishment_state": {"type": "text", "index": 43, "name": "furbishment_state", "comment": null}, "epc_rating": {"type": "text", "index": 44, "name": "epc_rating", "comment": null}, "table_data": {"type": "jsonb", "index": 45, "name": "table_data", "comment": null}, "description": {"type": "text", "index": 46, "name": "description", "comment": null}, "extra_description": {"type": "text", "index": 47, "name": "extra_description", "comment": null}, "seen_time": {"type": "timestamp with time zone", "index": 48, "name": "seen_time", "comment": null}, "advertiser": {"type": "text", "index": 49, "name": "advertiser", "comment": null}}, "stats": {"has_stats": {"id": "has_stats", "label": "Has Stats?", "value": false, "include": false, "description": "Indicates whether there are statistics for this table"}}, "unique_id": "model.property_cro.vw_modern_central_alert_sales_flats"}, "model.property_cro.vw_new_ads_alert_sales_flats": {"metadata": {"type": "VIEW", "schema": "analytics_sales_flats_alerts", "name": "vw_new_ads", "database": "property_cro", "comment": null, "owner": "db_admin"}, "columns": {"location": {"type": "text", "index": 1, "name": "location", "comment": null}, "title": {"type": "text", "index": 2, "name": "title", "comment": null}, "link": {"type": "text", "index": 3, "name": "link", "comment": null}, "flat_type": {"type": "text", "index": 4, "name": "flat_type", "comment": null}, "floor": {"type": "text", "index": 5, "name": "floor", "comment": null}, "size": {"type": "real", "index": 6, "name": "size", "comment": null}, "price": {"type": "real", "index": 7, "name": "price", "comment": null}, "first_price": {"type": "real", "index": 8, "name": "first_price", "comment": null}, "current_price": {"type": "real", "index": 9, "name": "current_price", "comment": null}, "num_seen": {"type": "bigint", "index": 10, "name": "num_seen", "comment": null}, "price_m2": {"type": "numeric", "index": 11, "name": "price_m2", "comment": null}, "area_price_m2": {"type": "numeric", "index": 12, "name": "area_price_m2", "comment": null}, "area_discount": {"type": "numeric", "index": 13, "name": "area_discount", "comment": null}, "area_sized_price_m2": {"type": "numeric", "index": 14, "name": "area_sized_price_m2", "comment": null}, "area_sized_discount": {"type": "numeric", "index": 15, "name": "area_sized_discount", "comment": null}, "area_aged_sized_price_m2": {"type": "numeric", "index": 16, "name": "area_aged_sized_price_m2", "comment": null}, "area_aged_sized_discount": {"type": "numeric", "index": 17, "name": "area_aged_sized_discount", "comment": null}, "price_drop_pecentage": {"type": "numeric", "index": 18, "name": "price_drop_pecentage", "comment": null}, "first_seen": {"type": "date", "index": 19, "name": "first_seen", "comment": null}, "last_seen": {"type": "date", "index": 20, "name": "last_seen", "comment": null}, "ad_id": {"type": "integer", "index": 21, "name": "ad_id", "comment": null}, "latest_seen_date": {"type": "date", "index": 22, "name": "latest_seen_date", "comment": null}, "status": {"type": "text", "index": 23, "name": "status", "comment": null}, "days_on_the_market": {"type": "integer", "index": 24, "name": "days_on_the_market", "comment": null}, "price_7": {"type": "real", "index": 25, "name": "price_7", "comment": null}, "price_15": {"type": "real", "index": 26, "name": "price_15", "comment": null}, "price_30": {"type": "real", "index": 27, "name": "price_30", "comment": null}, "price_45": {"type": "real", "index": 28, "name": "price_45", "comment": null}, "price_60": {"type": "real", "index": 29, "name": "price_60", "comment": null}, "url": {"type": "text", "index": 30, "name": "url", "comment": null}, "location2": {"type": "text", "index": 31, "name": "location2", "comment": null}, "street": {"type": "text", "index": 32, "name": "street", "comment": null}, "num_views": {"type": "integer", "index": 33, "name": "num_views", "comment": null}, "apartment_type": {"type": "text", "index": 34, "name": "apartment_type", "comment": null}, "number_of_floors": {"type": "text", "index": 35, "name": "number_of_floors", "comment": null}, "year_built": {"type": "integer", "index": 36, "name": "year_built", "comment": null}, "year_last_renovated": {"type": "integer", "index": 37, "name": "year_last_renovated", "comment": null}, "total_liveable_area": {"type": "real", "index": 38, "name": "total_liveable_area", "comment": null}, "net_area": {"type": "real", "index": 39, "name": "net_area", "comment": null}, "number_of_rooms": {"type": "integer", "index": 40, "name": "number_of_rooms", "comment": null}, "number_of_parking_spots": {"type": "text", "index": 41, "name": "number_of_parking_spots", "comment": null}, "balcony_terrace": {"type": "text", "index": 42, "name": "balcony_terrace", "comment": null}, "total_number_of_floors_in_building": {"type": "integer", "index": 43, "name": "total_number_of_floors_in_building", "comment": null}, "furbishment_state": {"type": "text", "index": 44, "name": "furbishment_state", "comment": null}, "epc_rating": {"type": "text", "index": 45, "name": "epc_rating", "comment": null}, "table_data": {"type": "jsonb", "index": 46, "name": "table_data", "comment": null}, "description": {"type": "text", "index": 47, "name": "description", "comment": null}, "extra_description": {"type": "text", "index": 48, "name": "extra_description", "comment": null}, "seen_time": {"type": "timestamp with time zone", "index": 49, "name": "seen_time", "comment": null}, "advertiser": {"type": "text", "index": 50, "name": "advertiser", "comment": null}}, "stats": {"has_stats": {"id": "has_stats", "label": "Has Stats?", "value": false, "include": false, "description": "Indicates whether there are statistics for this table"}}, "unique_id": "model.property_cro.vw_new_ads_alert_sales_flats"}, "model.property_cro.vw_price_drops_alert_sales_flats": {"metadata": {"type": "VIEW", "schema": "analytics_sales_flats_alerts", "name": "vw_price_drops", "database": "property_cro", "comment": null, "owner": "db_admin"}, "columns": {"location": {"type": "text", "index": 1, "name": "location", "comment": null}, "title": {"type": "text", "index": 2, "name": "title", "comment": null}, "link": {"type": "text", "index": 3, "name": "link", "comment": null}, "flat_type": {"type": "text", "index": 4, "name": "flat_type", "comment": null}, "floor": {"type": "text", "index": 5, "name": "floor", "comment": null}, "size": {"type": "real", "index": 6, "name": "size", "comment": null}, "price": {"type": "real", "index": 7, "name": "price", "comment": null}, "first_price": {"type": "real", "index": 8, "name": "first_price", "comment": null}, "current_price": {"type": "real", "index": 9, "name": "current_price", "comment": null}, "num_seen": {"type": "bigint", "index": 10, "name": "num_seen", "comment": null}, "price_m2": {"type": "numeric", "index": 11, "name": "price_m2", "comment": null}, "area_price_m2": {"type": "numeric", "index": 12, "name": "area_price_m2", "comment": null}, "area_discount": {"type": "numeric", "index": 13, "name": "area_discount", "comment": null}, "area_sized_price_m2": {"type": "numeric", "index": 14, "name": "area_sized_price_m2", "comment": null}, "area_sized_discount": {"type": "numeric", "index": 15, "name": "area_sized_discount", "comment": null}, "area_aged_sized_price_m2": {"type": "numeric", "index": 16, "name": "area_aged_sized_price_m2", "comment": null}, "area_aged_sized_discount": {"type": "numeric", "index": 17, "name": "area_aged_sized_discount", "comment": null}, "price_drop_pecentage": {"type": "numeric", "index": 18, "name": "price_drop_pecentage", "comment": null}, "first_seen": {"type": "date", "index": 19, "name": "first_seen", "comment": null}, "last_seen": {"type": "date", "index": 20, "name": "last_seen", "comment": null}, "ad_id": {"type": "integer", "index": 21, "name": "ad_id", "comment": null}, "latest_seen_date": {"type": "date", "index": 22, "name": "latest_seen_date", "comment": null}, "status": {"type": "text", "index": 23, "name": "status", "comment": null}, "days_on_the_market": {"type": "integer", "index": 24, "name": "days_on_the_market", "comment": null}, "price_7": {"type": "real", "index": 25, "name": "price_7", "comment": null}, "price_15": {"type": "real", "index": 26, "name": "price_15", "comment": null}, "price_30": {"type": "real", "index": 27, "name": "price_30", "comment": null}, "price_45": {"type": "real", "index": 28, "name": "price_45", "comment": null}, "price_60": {"type": "real", "index": 29, "name": "price_60", "comment": null}, "url": {"type": "text", "index": 30, "name": "url", "comment": null}, "location2": {"type": "text", "index": 31, "name": "location2", "comment": null}, "street": {"type": "text", "index": 32, "name": "street", "comment": null}, "num_views": {"type": "integer", "index": 33, "name": "num_views", "comment": null}, "apartment_type": {"type": "text", "index": 34, "name": "apartment_type", "comment": null}, "number_of_floors": {"type": "text", "index": 35, "name": "number_of_floors", "comment": null}, "year_built": {"type": "integer", "index": 36, "name": "year_built", "comment": null}, "year_last_renovated": {"type": "integer", "index": 37, "name": "year_last_renovated", "comment": null}, "total_liveable_area": {"type": "real", "index": 38, "name": "total_liveable_area", "comment": null}, "net_area": {"type": "real", "index": 39, "name": "net_area", "comment": null}, "number_of_rooms": {"type": "integer", "index": 40, "name": "number_of_rooms", "comment": null}, "number_of_parking_spots": {"type": "text", "index": 41, "name": "number_of_parking_spots", "comment": null}, "balcony_terrace": {"type": "text", "index": 42, "name": "balcony_terrace", "comment": null}, "total_number_of_floors_in_building": {"type": "integer", "index": 43, "name": "total_number_of_floors_in_building", "comment": null}, "furbishment_state": {"type": "text", "index": 44, "name": "furbishment_state", "comment": null}, "epc_rating": {"type": "text", "index": 45, "name": "epc_rating", "comment": null}, "table_data": {"type": "jsonb", "index": 46, "name": "table_data", "comment": null}, "description": {"type": "text", "index": 47, "name": "description", "comment": null}, "extra_description": {"type": "text", "index": 48, "name": "extra_description", "comment": null}, "seen_time": {"type": "timestamp with time zone", "index": 49, "name": "seen_time", "comment": null}, "advertiser": {"type": "text", "index": 50, "name": "advertiser", "comment": null}}, "stats": {"has_stats": {"id": "has_stats", "label": "Has Stats?", "value": false, "include": false, "description": "Indicates whether there are statistics for this table"}}, "unique_id": "model.property_cro.vw_price_drops_alert_sales_flats"}, "model.property_cro.mv_inventory_location_sales_flats": {"metadata": {"type": "BASE TABLE", "schema": "analytics_sales_flats_analysis", "name": "mv_inventory_location_sales_flats", "database": "property_cro", "comment": null, "owner": "db_admin"}, "columns": {"year_month": {"type": "date", "index": 1, "name": "year_month", "comment": null}, "location": {"type": "text", "index": 2, "name": "location", "comment": null}, "new_ads_qty": {"type": "bigint", "index": 3, "name": "new_ads_qty", "comment": null}, "new_ads_dom": {"type": "numeric", "index": 4, "name": "new_ads_dom", "comment": null}, "new_ads_avg_px_m2": {"type": "numeric", "index": 5, "name": "new_ads_avg_px_m2", "comment": null}, "new_ads_avg_px": {"type": "numeric", "index": 6, "name": "new_ads_avg_px", "comment": null}, "new_ads_avg_size": {"type": "numeric", "index": 7, "name": "new_ads_avg_size", "comment": null}, "sold_ads_qty": {"type": "bigint", "index": 8, "name": "sold_ads_qty", "comment": null}, "sold_ads_dom": {"type": "numeric", "index": 9, "name": "sold_ads_dom", "comment": null}, "sold_ads_avg_px_m2": {"type": "numeric", "index": 10, "name": "sold_ads_avg_px_m2", "comment": null}, "sold_ads_avg_px": {"type": "numeric", "index": 11, "name": "sold_ads_avg_px", "comment": null}, "sold_ads_avg_size": {"type": "numeric", "index": 12, "name": "sold_ads_avg_size", "comment": null}, "active_ads_qty": {"type": "bigint", "index": 13, "name": "active_ads_qty", "comment": null}, "active_ads_dom": {"type": "numeric", "index": 14, "name": "active_ads_dom", "comment": null}, "active_ads_avg_px_m2": {"type": "numeric", "index": 15, "name": "active_ads_avg_px_m2", "comment": null}, "active_ads_avg_px": {"type": "numeric", "index": 16, "name": "active_ads_avg_px", "comment": null}, "active_ads_avg_size": {"type": "numeric", "index": 17, "name": "active_ads_avg_size", "comment": null}}, "stats": {"has_stats": {"id": "has_stats", "label": "Has Stats?", "value": false, "include": false, "description": "Indicates whether there are statistics for this table"}}, "unique_id": "model.property_cro.mv_inventory_location_sales_flats"}, "model.property_cro.mv_inventory_sales_flats": {"metadata": {"type": "BASE TABLE", "schema": "analytics_sales_flats_analysis", "name": "mv_inventory_sales_flats", "database": "property_cro", "comment": null, "owner": "db_admin"}, "columns": {"year_month": {"type": "date", "index": 1, "name": "year_month", "comment": null}, "new_ads_qty": {"type": "bigint", "index": 2, "name": "new_ads_qty", "comment": null}, "new_ads_dom": {"type": "numeric", "index": 3, "name": "new_ads_dom", "comment": null}, "new_ads_avg_px_m2": {"type": "numeric", "index": 4, "name": "new_ads_avg_px_m2", "comment": null}, "new_ads_avg_px": {"type": "numeric", "index": 5, "name": "new_ads_avg_px", "comment": null}, "new_ads_avg_size": {"type": "numeric", "index": 6, "name": "new_ads_avg_size", "comment": null}, "sold_ads_qty": {"type": "bigint", "index": 7, "name": "sold_ads_qty", "comment": null}, "sold_ads_dom": {"type": "numeric", "index": 8, "name": "sold_ads_dom", "comment": null}, "sold_ads_avg_px_m2": {"type": "numeric", "index": 9, "name": "sold_ads_avg_px_m2", "comment": null}, "sold_ads_avg_px": {"type": "numeric", "index": 10, "name": "sold_ads_avg_px", "comment": null}, "sold_ads_avg_size": {"type": "numeric", "index": 11, "name": "sold_ads_avg_size", "comment": null}, "active_ads_qty": {"type": "bigint", "index": 12, "name": "active_ads_qty", "comment": null}, "active_ads_dom": {"type": "numeric", "index": 13, "name": "active_ads_dom", "comment": null}, "active_ads_avg_px_m2": {"type": "numeric", "index": 14, "name": "active_ads_avg_px_m2", "comment": null}, "active_ads_avg_px": {"type": "numeric", "index": 15, "name": "active_ads_avg_px", "comment": null}, "active_ads_avg_size": {"type": "numeric", "index": 16, "name": "active_ads_avg_size", "comment": null}}, "stats": {"has_stats": {"id": "has_stats", "label": "Has Stats?", "value": false, "include": false, "description": "Indicates whether there are statistics for this table"}}, "unique_id": "model.property_cro.mv_inventory_sales_flats"}, "model.property_cro.4mv_enriched_ad_sales_houses": {"metadata": {"type": "BASE TABLE", "schema": "analytics_sales_houses", "name": "mv_enriched_ad", "database": "property_cro", "comment": null, "owner": "db_admin"}, "columns": {"location": {"type": "text", "index": 1, "name": "location", "comment": null}, "title": {"type": "text", "index": 2, "name": "title", "comment": null}, "link": {"type": "text", "index": 3, "name": "link", "comment": null}, "flat_type": {"type": "text", "index": 4, "name": "flat_type", "comment": null}, "floor": {"type": "text", "index": 5, "name": "floor", "comment": null}, "size": {"type": "real", "index": 6, "name": "size", "comment": null}, "price": {"type": "real", "index": 7, "name": "price", "comment": null}, "first_price": {"type": "real", "index": 8, "name": "first_price", "comment": null}, "current_price": {"type": "real", "index": 9, "name": "current_price", "comment": null}, "num_seen": {"type": "bigint", "index": 10, "name": "num_seen", "comment": null}, "price_m2": {"type": "numeric", "index": 11, "name": "price_m2", "comment": null}, "area_price_m2": {"type": "numeric", "index": 12, "name": "area_price_m2", "comment": null}, "area_discount": {"type": "numeric", "index": 13, "name": "area_discount", "comment": null}, "area_sized_price_m2": {"type": "numeric", "index": 14, "name": "area_sized_price_m2", "comment": null}, "area_sized_discount": {"type": "numeric", "index": 15, "name": "area_sized_discount", "comment": null}, "area_aged_sized_price_m2": {"type": "numeric", "index": 16, "name": "area_aged_sized_price_m2", "comment": null}, "area_aged_sized_discount": {"type": "numeric", "index": 17, "name": "area_aged_sized_discount", "comment": null}, "price_drop_pecentage": {"type": "numeric", "index": 18, "name": "price_drop_pecentage", "comment": null}, "first_seen": {"type": "date", "index": 19, "name": "first_seen", "comment": null}, "last_seen": {"type": "date", "index": 20, "name": "last_seen", "comment": null}, "ad_id": {"type": "integer", "index": 21, "name": "ad_id", "comment": null}, "latest_seen_date": {"type": "date", "index": 22, "name": "latest_seen_date", "comment": null}, "status": {"type": "text", "index": 23, "name": "status", "comment": null}, "days_on_the_market": {"type": "integer", "index": 24, "name": "days_on_the_market", "comment": null}, "price_3": {"type": "real", "index": 25, "name": "price_3", "comment": null}, "price_7": {"type": "real", "index": 26, "name": "price_7", "comment": null}, "price_15": {"type": "real", "index": 27, "name": "price_15", "comment": null}, "price_30": {"type": "real", "index": 28, "name": "price_30", "comment": null}, "price_45": {"type": "real", "index": 29, "name": "price_45", "comment": null}, "price_60": {"type": "real", "index": 30, "name": "price_60", "comment": null}, "url": {"type": "text", "index": 31, "name": "url", "comment": null}, "location2": {"type": "text", "index": 32, "name": "location2", "comment": null}, "street": {"type": "text", "index": 33, "name": "street", "comment": null}, "num_views": {"type": "integer", "index": 34, "name": "num_views", "comment": null}, "advertiser": {"type": "text", "index": 35, "name": "advertiser", "comment": null}, "number_of_floors": {"type": "text", "index": 36, "name": "number_of_floors", "comment": null}, "year_built": {"type": "integer", "index": 37, "name": "year_built", "comment": null}, "year_last_renovated": {"type": "integer", "index": 38, "name": "year_last_renovated", "comment": null}, "total_liveable_area": {"type": "real", "index": 39, "name": "total_liveable_area", "comment": null}, "net_area": {"type": "real", "index": 40, "name": "net_area", "comment": null}, "number_of_rooms": {"type": "integer", "index": 41, "name": "number_of_rooms", "comment": null}, "number_of_parking_spots": {"type": "text", "index": 42, "name": "number_of_parking_spots", "comment": null}, "balcony_terrace": {"type": "text", "index": 43, "name": "balcony_terrace", "comment": null}, "floor_desc": {"type": "text", "index": 44, "name": "floor_desc", "comment": null}, "furbishment_state": {"type": "text", "index": 45, "name": "furbishment_state", "comment": null}, "epc_rating": {"type": "text", "index": 46, "name": "epc_rating", "comment": null}, "table_data": {"type": "jsonb", "index": 47, "name": "table_data", "comment": null}, "description": {"type": "text", "index": 48, "name": "description", "comment": null}, "extra_description": {"type": "text", "index": 49, "name": "extra_description", "comment": null}, "seen_time": {"type": "timestamp with time zone", "index": 50, "name": "seen_time", "comment": null}, "building_type": {"type": "text", "index": 51, "name": "building_type", "comment": null}, "house_type": {"type": "text", "index": 52, "name": "house_type", "comment": null}, "total_number_of_floors_in_building": {"type": "text", "index": 53, "name": "total_number_of_floors_in_building", "comment": null}}, "stats": {"has_stats": {"id": "has_stats", "label": "Has Stats?", "value": false, "include": false, "description": "Indicates whether there are statistics for this table"}}, "unique_id": "model.property_cro.4mv_enriched_ad_sales_houses"}, "model.property_cro.3vw_avg_ask_px_per_loc_sales_houses": {"metadata": {"type": "VIEW", "schema": "analytics_sales_houses", "name": "vw_avg_ask_px_per_loc", "database": "property_cro", "comment": null, "owner": "db_admin"}, "columns": {"location": {"type": "text", "index": 1, "name": "location", "comment": null}, "area_total_ads": {"type": "bigint", "index": 2, "name": "area_total_ads", "comment": null}, "area_average": {"type": "double precision", "index": 3, "name": "area_average", "comment": null}}, "stats": {"has_stats": {"id": "has_stats", "label": "Has Stats?", "value": false, "include": false, "description": "Indicates whether there are statistics for this table"}}, "unique_id": "model.property_cro.3vw_avg_ask_px_per_loc_sales_houses"}, "model.property_cro.3vw_avg_ask_px_per_loc_size_sales_houses": {"metadata": {"type": "VIEW", "schema": "analytics_sales_houses", "name": "vw_avg_ask_px_per_loc_size", "database": "property_cro", "comment": null, "owner": "db_admin"}, "columns": {"location": {"type": "text", "index": 1, "name": "location", "comment": null}, "size": {"type": "double precision", "index": 2, "name": "size", "comment": null}, "area_total_ads": {"type": "bigint", "index": 3, "name": "area_total_ads", "comment": null}, "area_average": {"type": "double precision", "index": 4, "name": "area_average", "comment": null}}, "stats": {"has_stats": {"id": "has_stats", "label": "Has Stats?", "value": false, "include": false, "description": "Indicates whether there are statistics for this table"}}, "unique_id": "model.property_cro.3vw_avg_ask_px_per_loc_size_sales_houses"}, "model.property_cro.3vw_avg_ask_px_per_loc_year_size_sales_houses": {"metadata": {"type": "VIEW", "schema": "analytics_sales_houses", "name": "vw_avg_ask_px_per_loc_year_size", "database": "property_cro", "comment": null, "owner": "db_admin"}, "columns": {"location": {"type": "text", "index": 1, "name": "location", "comment": null}, "year_range": {"type": "double precision", "index": 2, "name": "year_range", "comment": null}, "size": {"type": "double precision", "index": 3, "name": "size", "comment": null}, "area_total_ads": {"type": "bigint", "index": 4, "name": "area_total_ads", "comment": null}, "area_average": {"type": "double precision", "index": 5, "name": "area_average", "comment": null}}, "stats": {"has_stats": {"id": "has_stats", "label": "Has Stats?", "value": false, "include": false, "description": "Indicates whether there are statistics for this table"}}, "unique_id": "model.property_cro.3vw_avg_ask_px_per_loc_year_size_sales_houses"}, "model.property_cro.1vw_last_ad_time_sales_houses": {"metadata": {"type": "VIEW", "schema": "analytics_sales_houses", "name": "vw_last_ad_time", "database": "property_cro", "comment": null, "owner": "db_admin"}, "columns": {"ad_id": {"type": "integer", "index": 1, "name": "ad_id", "comment": null}, "first_seen": {"type": "date", "index": 2, "name": "first_seen", "comment": null}, "last_seen": {"type": "date", "index": 3, "name": "last_seen", "comment": null}, "status": {"type": "text", "index": 4, "name": "status", "comment": null}, "days_on_the_market": {"type": "integer", "index": 5, "name": "days_on_the_market", "comment": null}}, "stats": {"has_stats": {"id": "has_stats", "label": "Has Stats?", "value": false, "include": false, "description": "Indicates whether there are statistics for this table"}}, "unique_id": "model.property_cro.1vw_last_ad_time_sales_houses"}, "model.property_cro.2vw_price_history_sales_houses": {"metadata": {"type": "VIEW", "schema": "analytics_sales_houses", "name": "vw_price_history", "database": "property_cro", "comment": null, "owner": "db_admin"}, "columns": {"location": {"type": "text", "index": 1, "name": "location", "comment": null}, "title": {"type": "text", "index": 2, "name": "title", "comment": null}, "link": {"type": "text", "index": 3, "name": "link", "comment": null}, "flat_type": {"type": "text", "index": 4, "name": "flat_type", "comment": null}, "floor": {"type": "text", "index": 5, "name": "floor", "comment": null}, "size": {"type": "real", "index": 6, "name": "size", "comment": null}, "price": {"type": "real", "index": 7, "name": "price", "comment": null}, "ad_id": {"type": "integer", "index": 8, "name": "ad_id", "comment": null}, "last_seen": {"type": "date", "index": 9, "name": "last_seen", "comment": null}, "first_seen": {"type": "date", "index": 10, "name": "first_seen", "comment": null}, "current_price": {"type": "real", "index": 11, "name": "current_price", "comment": null}, "first_price": {"type": "real", "index": 12, "name": "first_price", "comment": null}, "price_60": {"type": "real", "index": 13, "name": "price_60", "comment": null}, "price_45": {"type": "real", "index": 14, "name": "price_45", "comment": null}, "price_30": {"type": "real", "index": 15, "name": "price_30", "comment": null}, "price_15": {"type": "real", "index": 16, "name": "price_15", "comment": null}, "price_7": {"type": "real", "index": 17, "name": "price_7", "comment": null}, "price_3": {"type": "real", "index": 18, "name": "price_3", "comment": null}, "num_seen": {"type": "bigint", "index": 19, "name": "num_seen", "comment": null}, "latest_seen_date": {"type": "date", "index": 20, "name": "latest_seen_date", "comment": null}, "days_on_the_market": {"type": "integer", "index": 21, "name": "days_on_the_market", "comment": null}, "status": {"type": "text", "index": 22, "name": "status", "comment": null}}, "stats": {"has_stats": {"id": "has_stats", "label": "Has Stats?", "value": false, "include": false, "description": "Indicates whether there are statistics for this table"}}, "unique_id": "model.property_cro.2vw_price_history_sales_houses"}, "model.property_cro.vw_new_ads_alert_sales_houses": {"metadata": {"type": "VIEW", "schema": "analytics_sales_houses_alerts", "name": "vw_new_ads", "database": "property_cro", "comment": null, "owner": "db_admin"}, "columns": {"location": {"type": "text", "index": 1, "name": "location", "comment": null}, "title": {"type": "text", "index": 2, "name": "title", "comment": null}, "link": {"type": "text", "index": 3, "name": "link", "comment": null}, "flat_type": {"type": "text", "index": 4, "name": "flat_type", "comment": null}, "floor": {"type": "text", "index": 5, "name": "floor", "comment": null}, "size": {"type": "real", "index": 6, "name": "size", "comment": null}, "price": {"type": "real", "index": 7, "name": "price", "comment": null}, "first_price": {"type": "real", "index": 8, "name": "first_price", "comment": null}, "current_price": {"type": "real", "index": 9, "name": "current_price", "comment": null}, "num_seen": {"type": "bigint", "index": 10, "name": "num_seen", "comment": null}, "price_m2": {"type": "numeric", "index": 11, "name": "price_m2", "comment": null}, "area_price_m2": {"type": "numeric", "index": 12, "name": "area_price_m2", "comment": null}, "area_discount": {"type": "numeric", "index": 13, "name": "area_discount", "comment": null}, "area_sized_price_m2": {"type": "numeric", "index": 14, "name": "area_sized_price_m2", "comment": null}, "area_sized_discount": {"type": "numeric", "index": 15, "name": "area_sized_discount", "comment": null}, "area_aged_sized_price_m2": {"type": "numeric", "index": 16, "name": "area_aged_sized_price_m2", "comment": null}, "area_aged_sized_discount": {"type": "numeric", "index": 17, "name": "area_aged_sized_discount", "comment": null}, "price_drop_pecentage": {"type": "numeric", "index": 18, "name": "price_drop_pecentage", "comment": null}, "first_seen": {"type": "date", "index": 19, "name": "first_seen", "comment": null}, "last_seen": {"type": "date", "index": 20, "name": "last_seen", "comment": null}, "ad_id": {"type": "integer", "index": 21, "name": "ad_id", "comment": null}, "latest_seen_date": {"type": "date", "index": 22, "name": "latest_seen_date", "comment": null}, "status": {"type": "text", "index": 23, "name": "status", "comment": null}, "days_on_the_market": {"type": "integer", "index": 24, "name": "days_on_the_market", "comment": null}, "price_7": {"type": "real", "index": 25, "name": "price_7", "comment": null}, "price_15": {"type": "real", "index": 26, "name": "price_15", "comment": null}, "price_30": {"type": "real", "index": 27, "name": "price_30", "comment": null}, "price_45": {"type": "real", "index": 28, "name": "price_45", "comment": null}, "price_60": {"type": "real", "index": 29, "name": "price_60", "comment": null}, "url": {"type": "text", "index": 30, "name": "url", "comment": null}, "location2": {"type": "text", "index": 31, "name": "location2", "comment": null}, "street": {"type": "text", "index": 32, "name": "street", "comment": null}, "num_views": {"type": "integer", "index": 33, "name": "num_views", "comment": null}, "building_type": {"type": "text", "index": 34, "name": "building_type", "comment": null}, "house_type": {"type": "text", "index": 35, "name": "house_type", "comment": null}, "number_of_floors": {"type": "text", "index": 36, "name": "number_of_floors", "comment": null}, "year_built": {"type": "integer", "index": 37, "name": "year_built", "comment": null}, "year_last_renovated": {"type": "integer", "index": 38, "name": "year_last_renovated", "comment": null}, "total_liveable_area": {"type": "real", "index": 39, "name": "total_liveable_area", "comment": null}, "net_area": {"type": "real", "index": 40, "name": "net_area", "comment": null}, "number_of_rooms": {"type": "integer", "index": 41, "name": "number_of_rooms", "comment": null}, "number_of_parking_spots": {"type": "text", "index": 42, "name": "number_of_parking_spots", "comment": null}, "balcony_terrace": {"type": "text", "index": 43, "name": "balcony_terrace", "comment": null}, "total_number_of_floors_in_building": {"type": "text", "index": 44, "name": "total_number_of_floors_in_building", "comment": null}, "furbishment_state": {"type": "text", "index": 45, "name": "furbishment_state", "comment": null}, "epc_rating": {"type": "text", "index": 46, "name": "epc_rating", "comment": null}, "table_data": {"type": "jsonb", "index": 47, "name": "table_data", "comment": null}, "description": {"type": "text", "index": 48, "name": "description", "comment": null}, "extra_description": {"type": "text", "index": 49, "name": "extra_description", "comment": null}, "seen_time": {"type": "timestamp with time zone", "index": 50, "name": "seen_time", "comment": null}, "advertiser": {"type": "text", "index": 51, "name": "advertiser", "comment": null}}, "stats": {"has_stats": {"id": "has_stats", "label": "Has Stats?", "value": false, "include": false, "description": "Indicates whether there are statistics for this table"}}, "unique_id": "model.property_cro.vw_new_ads_alert_sales_houses"}, "model.property_cro.vw_price_drops_alert_sales_houses": {"metadata": {"type": "VIEW", "schema": "analytics_sales_houses_alerts", "name": "vw_price_drops", "database": "property_cro", "comment": null, "owner": "db_admin"}, "columns": {"location": {"type": "text", "index": 1, "name": "location", "comment": null}, "title": {"type": "text", "index": 2, "name": "title", "comment": null}, "link": {"type": "text", "index": 3, "name": "link", "comment": null}, "flat_type": {"type": "text", "index": 4, "name": "flat_type", "comment": null}, "floor": {"type": "text", "index": 5, "name": "floor", "comment": null}, "size": {"type": "real", "index": 6, "name": "size", "comment": null}, "price": {"type": "real", "index": 7, "name": "price", "comment": null}, "first_price": {"type": "real", "index": 8, "name": "first_price", "comment": null}, "current_price": {"type": "real", "index": 9, "name": "current_price", "comment": null}, "num_seen": {"type": "bigint", "index": 10, "name": "num_seen", "comment": null}, "price_m2": {"type": "numeric", "index": 11, "name": "price_m2", "comment": null}, "area_price_m2": {"type": "numeric", "index": 12, "name": "area_price_m2", "comment": null}, "area_discount": {"type": "numeric", "index": 13, "name": "area_discount", "comment": null}, "area_sized_price_m2": {"type": "numeric", "index": 14, "name": "area_sized_price_m2", "comment": null}, "area_sized_discount": {"type": "numeric", "index": 15, "name": "area_sized_discount", "comment": null}, "area_aged_sized_price_m2": {"type": "numeric", "index": 16, "name": "area_aged_sized_price_m2", "comment": null}, "area_aged_sized_discount": {"type": "numeric", "index": 17, "name": "area_aged_sized_discount", "comment": null}, "price_drop_pecentage": {"type": "numeric", "index": 18, "name": "price_drop_pecentage", "comment": null}, "first_seen": {"type": "date", "index": 19, "name": "first_seen", "comment": null}, "last_seen": {"type": "date", "index": 20, "name": "last_seen", "comment": null}, "ad_id": {"type": "integer", "index": 21, "name": "ad_id", "comment": null}, "latest_seen_date": {"type": "date", "index": 22, "name": "latest_seen_date", "comment": null}, "status": {"type": "text", "index": 23, "name": "status", "comment": null}, "days_on_the_market": {"type": "integer", "index": 24, "name": "days_on_the_market", "comment": null}, "price_7": {"type": "real", "index": 25, "name": "price_7", "comment": null}, "price_15": {"type": "real", "index": 26, "name": "price_15", "comment": null}, "price_30": {"type": "real", "index": 27, "name": "price_30", "comment": null}, "price_45": {"type": "real", "index": 28, "name": "price_45", "comment": null}, "price_60": {"type": "real", "index": 29, "name": "price_60", "comment": null}, "url": {"type": "text", "index": 30, "name": "url", "comment": null}, "location2": {"type": "text", "index": 31, "name": "location2", "comment": null}, "street": {"type": "text", "index": 32, "name": "street", "comment": null}, "num_views": {"type": "integer", "index": 33, "name": "num_views", "comment": null}, "building_type": {"type": "text", "index": 34, "name": "building_type", "comment": null}, "house_type": {"type": "text", "index": 35, "name": "house_type", "comment": null}, "number_of_floors": {"type": "text", "index": 36, "name": "number_of_floors", "comment": null}, "year_built": {"type": "integer", "index": 37, "name": "year_built", "comment": null}, "year_last_renovated": {"type": "integer", "index": 38, "name": "year_last_renovated", "comment": null}, "total_liveable_area": {"type": "real", "index": 39, "name": "total_liveable_area", "comment": null}, "net_area": {"type": "real", "index": 40, "name": "net_area", "comment": null}, "number_of_rooms": {"type": "integer", "index": 41, "name": "number_of_rooms", "comment": null}, "number_of_parking_spots": {"type": "text", "index": 42, "name": "number_of_parking_spots", "comment": null}, "balcony_terrace": {"type": "text", "index": 43, "name": "balcony_terrace", "comment": null}, "total_number_of_floors_in_building": {"type": "text", "index": 44, "name": "total_number_of_floors_in_building", "comment": null}, "furbishment_state": {"type": "text", "index": 45, "name": "furbishment_state", "comment": null}, "epc_rating": {"type": "text", "index": 46, "name": "epc_rating", "comment": null}, "table_data": {"type": "jsonb", "index": 47, "name": "table_data", "comment": null}, "description": {"type": "text", "index": 48, "name": "description", "comment": null}, "extra_description": {"type": "text", "index": 49, "name": "extra_description", "comment": null}, "seen_time": {"type": "timestamp with time zone", "index": 50, "name": "seen_time", "comment": null}, "advertiser": {"type": "text", "index": 51, "name": "advertiser", "comment": null}}, "stats": {"has_stats": {"id": "has_stats", "label": "Has Stats?", "value": false, "include": false, "description": "Indicates whether there are statistics for this table"}}, "unique_id": "model.property_cro.vw_price_drops_alert_sales_houses"}}, "sources": {"source.property_cro.generated.ad_price_history_agg_api": {"metadata": {"type": "BASE TABLE", "schema": "public", "name": "ad_price_history_agg_api", "database": "property_cro", "comment": null, "owner": "db_admin"}, "columns": {"ad_id": {"type": "bigint", "index": 1, "name": "ad_id", "comment": null}, "price_change_history": {"type": "character varying(5000)", "index": 2, "name": "price_change_history", "comment": null}, "created_at": {"type": "timestamp without time zone", "index": 3, "name": "created_at", "comment": null}, "version": {"type": "integer", "index": 4, "name": "version", "comment": null}, "price_sqm": {"type": "real", "index": 5, "name": "price_sqm", "comment": null}, "area_sized_price_sqm": {"type": "real", "index": 6, "name": "area_sized_price_sqm", "comment": null}, "year_built": {"type": "integer", "index": 7, "name": "year_built", "comment": null}, "floor": {"type": "character varying(100)", "index": 8, "name": "floor", "comment": null}, "advertiser": {"type": "character varying(1000)", "index": 9, "name": "advertiser", "comment": null}, "days_on_the_market": {"type": "integer", "index": 10, "name": "days_on_the_market", "comment": null}}, "stats": {"has_stats": {"id": "has_stats", "label": "Has Stats?", "value": false, "include": false, "description": "Indicates whether there are statistics for this table"}}, "unique_id": "source.property_cro.generated.ad_price_history_agg_api"}, "source.property_cro.staging.rental_flat_desc": {"metadata": {"type": "BASE TABLE", "schema": "staging", "name": "rental_flat_desc", "database": "property_cro", "comment": null, "owner": "dbg"}, "columns": {"ad_id": {"type": "integer", "index": 1, "name": "ad_id", "comment": null}, "url": {"type": "text", "index": 2, "name": "url", "comment": null}, "location2": {"type": "text", "index": 3, "name": "location2", "comment": null}, "street": {"type": "text", "index": 4, "name": "street", "comment": null}, "seen_date": {"type": "date", "index": 5, "name": "seen_date", "comment": null}, "seen_time": {"type": "timestamp with time zone", "index": 6, "name": "seen_time", "comment": null}, "num_views": {"type": "integer", "index": 7, "name": "num_views", "comment": null}, "apartment_type": {"type": "text", "index": 8, "name": "apartment_type", "comment": null}, "number_of_floors": {"type": "text", "index": 9, "name": "number_of_floors", "comment": null}, "year_built": {"type": "integer", "index": 10, "name": "year_built", "comment": null}, "year_last_renovated": {"type": "integer", "index": 11, "name": "year_last_renovated", "comment": null}, "total_liveable_area": {"type": "real", "index": 12, "name": "total_liveable_area", "comment": null}, "net_area": {"type": "real", "index": 13, "name": "net_area", "comment": null}, "number_of_rooms": {"type": "integer", "index": 14, "name": "number_of_rooms", "comment": null}, "number_of_parking_spots": {"type": "text", "index": 15, "name": "number_of_parking_spots", "comment": null}, "balcony_terrace": {"type": "text", "index": 16, "name": "balcony_terrace", "comment": null}, "floor": {"type": "text", "index": 17, "name": "floor", "comment": null}, "total_number_of_floors_in_building": {"type": "text", "index": 18, "name": "total_number_of_floors_in_building", "comment": null}, "furbishment_state": {"type": "text", "index": 19, "name": "furbishment_state", "comment": null}, "epc_rating": {"type": "text", "index": 20, "name": "epc_rating", "comment": null}, "table_data": {"type": "jsonb", "index": 21, "name": "table_data", "comment": null}, "description": {"type": "text", "index": 22, "name": "description", "comment": null}, "extra_description": {"type": "text", "index": 23, "name": "extra_description", "comment": null}, "seen_type": {"type": "text", "index": 24, "name": "seen_type", "comment": null}, "advertiser": {"type": "text", "index": 25, "name": "advertiser", "comment": null}}, "stats": {"has_stats": {"id": "has_stats", "label": "Has Stats?", "value": false, "include": false, "description": "Indicates whether there are statistics for this table"}}, "unique_id": "source.property_cro.staging.rental_flat_desc"}, "source.property_cro.staging.rentals_flats": {"metadata": {"type": "BASE TABLE", "schema": "staging", "name": "rentals_flats", "database": "property_cro", "comment": null, "owner": "dbg"}, "columns": {"ad_id": {"type": "integer", "index": 1, "name": "ad_id", "comment": null}, "seen_date": {"type": "date", "index": 2, "name": "seen_date", "comment": null}, "published_date": {"type": "date", "index": 3, "name": "published_date", "comment": null}, "location": {"type": "text", "index": 4, "name": "location", "comment": null}, "title": {"type": "text", "index": 5, "name": "title", "comment": null}, "link": {"type": "text", "index": 6, "name": "link", "comment": null}, "flat_type": {"type": "text", "index": 7, "name": "flat_type", "comment": null}, "floor": {"type": "text", "index": 8, "name": "floor", "comment": null}, "size": {"type": "real", "index": 9, "name": "size", "comment": null}, "price": {"type": "real", "index": 10, "name": "price", "comment": null}, "seen_time": {"type": "timestamp with time zone", "index": 11, "name": "seen_time", "comment": null}, "seen_type": {"type": "text", "index": 12, "name": "seen_type", "comment": null}}, "stats": {"has_stats": {"id": "has_stats", "label": "Has Stats?", "value": false, "include": false, "description": "Indicates whether there are statistics for this table"}}, "unique_id": "source.property_cro.staging.rentals_flats"}, "source.property_cro.staging.sale_flat_desc": {"metadata": {"type": "BASE TABLE", "schema": "staging", "name": "sale_flat_desc", "database": "property_cro", "comment": null, "owner": "dbg"}, "columns": {"ad_id": {"type": "integer", "index": 1, "name": "ad_id", "comment": null}, "url": {"type": "text", "index": 2, "name": "url", "comment": null}, "location2": {"type": "text", "index": 3, "name": "location2", "comment": null}, "street": {"type": "text", "index": 4, "name": "street", "comment": null}, "seen_date": {"type": "date", "index": 5, "name": "seen_date", "comment": null}, "num_views": {"type": "integer", "index": 6, "name": "num_views", "comment": null}, "apartment_type": {"type": "text", "index": 7, "name": "apartment_type", "comment": null}, "number_of_floors": {"type": "text", "index": 8, "name": "number_of_floors", "comment": null}, "year_built": {"type": "integer", "index": 9, "name": "year_built", "comment": null}, "year_last_renovated": {"type": "integer", "index": 10, "name": "year_last_renovated", "comment": null}, "total_liveable_area": {"type": "real", "index": 11, "name": "total_liveable_area", "comment": null}, "net_area": {"type": "real", "index": 12, "name": "net_area", "comment": null}, "number_of_rooms": {"type": "integer", "index": 13, "name": "number_of_rooms", "comment": null}, "number_of_parking_spots": {"type": "text", "index": 14, "name": "number_of_parking_spots", "comment": null}, "balcony_terrace": {"type": "text", "index": 15, "name": "balcony_terrace", "comment": null}, "floor": {"type": "text", "index": 16, "name": "floor", "comment": null}, "total_number_of_floors_in_building": {"type": "text", "index": 17, "name": "total_number_of_floors_in_building", "comment": null}, "furbishment_state": {"type": "text", "index": 18, "name": "furbishment_state", "comment": null}, "epc_rating": {"type": "text", "index": 19, "name": "epc_rating", "comment": null}, "table_data": {"type": "jsonb", "index": 20, "name": "table_data", "comment": null}, "description": {"type": "text", "index": 21, "name": "description", "comment": null}, "extra_description": {"type": "text", "index": 22, "name": "extra_description", "comment": null}, "seen_time": {"type": "timestamp with time zone", "index": 23, "name": "seen_time", "comment": null}, "seen_type": {"type": "text", "index": 24, "name": "seen_type", "comment": null}, "advertiser": {"type": "text", "index": 25, "name": "advertiser", "comment": null}}, "stats": {"has_stats": {"id": "has_stats", "label": "Has Stats?", "value": false, "include": false, "description": "Indicates whether there are statistics for this table"}}, "unique_id": "source.property_cro.staging.sale_flat_desc"}, "source.property_cro.staging.sale_house_desc": {"metadata": {"type": "BASE TABLE", "schema": "staging", "name": "sale_house_desc", "database": "property_cro", "comment": null, "owner": "dbg"}, "columns": {"ad_id": {"type": "integer", "index": 1, "name": "ad_id", "comment": null}, "url": {"type": "text", "index": 2, "name": "url", "comment": null}, "location2": {"type": "text", "index": 3, "name": "location2", "comment": null}, "street": {"type": "text", "index": 4, "name": "street", "comment": null}, "seen_date": {"type": "date", "index": 5, "name": "seen_date", "comment": null}, "seen_time": {"type": "timestamp with time zone", "index": 6, "name": "seen_time", "comment": null}, "num_views": {"type": "integer", "index": 7, "name": "num_views", "comment": null}, "number_of_floors": {"type": "text", "index": 8, "name": "number_of_floors", "comment": null}, "year_built": {"type": "integer", "index": 9, "name": "year_built", "comment": null}, "year_last_renovated": {"type": "integer", "index": 10, "name": "year_last_renovated", "comment": null}, "total_liveable_area": {"type": "real", "index": 11, "name": "total_liveable_area", "comment": null}, "net_area": {"type": "real", "index": 12, "name": "net_area", "comment": null}, "number_of_rooms": {"type": "integer", "index": 13, "name": "number_of_rooms", "comment": null}, "number_of_parking_spots": {"type": "text", "index": 14, "name": "number_of_parking_spots", "comment": null}, "balcony_terrace": {"type": "text", "index": 15, "name": "balcony_terrace", "comment": null}, "floor": {"type": "text", "index": 16, "name": "floor", "comment": null}, "total_number_of_floors_in_building": {"type": "text", "index": 17, "name": "total_number_of_floors_in_building", "comment": null}, "furbishment_state": {"type": "text", "index": 18, "name": "furbishment_state", "comment": null}, "epc_rating": {"type": "text", "index": 19, "name": "epc_rating", "comment": null}, "table_data": {"type": "jsonb", "index": 20, "name": "table_data", "comment": null}, "description": {"type": "text", "index": 21, "name": "description", "comment": null}, "extra_description": {"type": "text", "index": 22, "name": "extra_description", "comment": null}, "seen_type": {"type": "text", "index": 23, "name": "seen_type", "comment": null}, "advertiser": {"type": "text", "index": 24, "name": "advertiser", "comment": null}, "house_type": {"type": "text", "index": 25, "name": "house_type", "comment": null}, "outside_area": {"type": "integer", "index": 26, "name": "outside_area", "comment": null}, "building_type": {"type": "text", "index": 27, "name": "building_type", "comment": null}}, "stats": {"has_stats": {"id": "has_stats", "label": "Has Stats?", "value": false, "include": false, "description": "Indicates whether there are statistics for this table"}}, "unique_id": "source.property_cro.staging.sale_house_desc"}, "source.property_cro.staging.sales_flats": {"metadata": {"type": "BASE TABLE", "schema": "staging", "name": "sales_flats", "database": "property_cro", "comment": null, "owner": "dbg"}, "columns": {"ad_id": {"type": "integer", "index": 1, "name": "ad_id", "comment": null}, "seen_date": {"type": "date", "index": 2, "name": "seen_date", "comment": null}, "published_date": {"type": "date", "index": 3, "name": "published_date", "comment": null}, "location": {"type": "text", "index": 4, "name": "location", "comment": null}, "title": {"type": "text", "index": 5, "name": "title", "comment": null}, "link": {"type": "text", "index": 6, "name": "link", "comment": null}, "flat_type": {"type": "text", "index": 7, "name": "flat_type", "comment": null}, "floor": {"type": "text", "index": 8, "name": "floor", "comment": null}, "size": {"type": "real", "index": 9, "name": "size", "comment": null}, "price": {"type": "real", "index": 10, "name": "price", "comment": null}, "seen_time": {"type": "timestamp with time zone", "index": 11, "name": "seen_time", "comment": null}, "seen_type": {"type": "text", "index": 12, "name": "seen_type", "comment": null}}, "stats": {"has_stats": {"id": "has_stats", "label": "Has Stats?", "value": false, "include": false, "description": "Indicates whether there are statistics for this table"}}, "unique_id": "source.property_cro.staging.sales_flats"}, "source.property_cro.staging.sales_houses": {"metadata": {"type": "BASE TABLE", "schema": "staging", "name": "sales_houses", "database": "property_cro", "comment": null, "owner": "dbg"}, "columns": {"ad_id": {"type": "integer", "index": 1, "name": "ad_id", "comment": null}, "seen_date": {"type": "date", "index": 2, "name": "seen_date", "comment": null}, "seen_time": {"type": "timestamp with time zone", "index": 3, "name": "seen_time", "comment": null}, "published_date": {"type": "date", "index": 4, "name": "published_date", "comment": null}, "location": {"type": "text", "index": 5, "name": "location", "comment": null}, "title": {"type": "text", "index": 6, "name": "title", "comment": null}, "link": {"type": "text", "index": 7, "name": "link", "comment": null}, "flat_type": {"type": "text", "index": 8, "name": "flat_type", "comment": null}, "floor": {"type": "text", "index": 9, "name": "floor", "comment": null}, "size": {"type": "real", "index": 10, "name": "size", "comment": null}, "price": {"type": "real", "index": 11, "name": "price", "comment": null}, "seen_type": {"type": "text", "index": 12, "name": "seen_type", "comment": null}}, "stats": {"has_stats": {"id": "has_stats", "label": "Has Stats?", "value": false, "include": false, "description": "Indicates whether there are statistics for this table"}}, "unique_id": "source.property_cro.staging.sales_houses"}}, "errors": null}