{"_invocation_id": "49aa851e-2f5c-4a2b-8012-83c48873d3dc", "linked": {"0": {"name": "source.property_cro.staging.rental_flat_desc", "type": "source", "succ": [25, 27]}, "1": {"name": "source.property_cro.staging.rentals_flats", "type": "source", "succ": [28, 24, 29, 30, 32]}, "2": {"name": "source.property_cro.staging.sale_flat_desc", "type": "source", "succ": [10, 12]}, "3": {"name": "source.property_cro.staging.sale_house_desc", "type": "source", "succ": [33, 38]}, "4": {"name": "source.property_cro.staging.sales_flats", "type": "source", "succ": [7, 8, 13, 15, 32]}, "5": {"name": "source.property_cro.staging.sales_houses", "type": "source", "succ": [32, 39, 35]}, "6": {"name": "source.property_cro.generated.ad_price_history_agg_api", "type": "source"}, "7": {"name": "model.property_cro.2vw_price_history_sales_flats", "type": "model", "succ": [9, 10, 12, 11, 13, 15]}, "8": {"name": "model.property_cro.1vw_last_ad_time_sales_flats", "type": "model", "succ": [7]}, "9": {"name": "model.property_cro.3vw_avg_ask_px_per_loc_size_sales_flats", "type": "model", "succ": [10]}, "10": {"name": "model.property_cro.4mv_enriched_ad_sales_flats", "type": "model", "succ": [13, 15, 16, 17, 18, 20, 21, 22, 31, 34]}, "11": {"name": "model.property_cro.3vw_avg_ask_px_per_loc_sales_flats", "type": "model", "succ": [10]}, "12": {"name": "model.property_cro.3vw_avg_ask_px_per_loc_year_size_sales_flats", "type": "model", "succ": [10]}, "13": {"name": "model.property_cro.mv_inventory_location_sales_flats", "type": "model"}, "14": {"name": "model.property_cro.mv_date_to_quarter_mapping", "type": "model", "succ": [13, 30]}, "15": {"name": "model.property_cro.mv_inventory_sales_flats", "type": "model"}, "16": {"name": "model.property_cro.vw_best_streets_in_zagreb", "type": "model"}, "17": {"name": "model.property_cro.vw_price_drops_alert_sales_flats", "type": "model"}, "18": {"name": "model.property_cro.vw_modern_central_alert_sales_flats", "type": "model"}, "19": {"name": "model.property_cro.zagreb_locations", "type": "model", "succ": [18, 20, 21, 22]}, "20": {"name": "model.property_cro.vw_best_new_or_reduced_alert_sales_flats", "type": "model"}, "21": {"name": "model.property_cro.vw_new_ads_alert_sales_flats", "type": "model"}, "22": {"name": "model.property_cro.vw_large_price_drops_alert_sales_flats", "type": "model"}, "23": {"name": "model.property_cro.3vw_avg_ask_px_per_loc_rentals_flats", "type": "model", "succ": [25]}, "24": {"name": "model.property_cro.2vw_price_history_rentals_flats", "type": "model", "succ": [23, 25, 27, 26, 29, 30]}, "25": {"name": "model.property_cro.4mv_enriched_ad_rentals_flats", "type": "model", "succ": [29, 30, 31, 34]}, "26": {"name": "model.property_cro.3vw_avg_ask_px_per_loc_size_rentals_flats", "type": "model", "succ": [25]}, "27": {"name": "model.property_cro.3vw_avg_ask_px_per_loc_year_size_rentals_flats", "type": "model", "succ": [25]}, "28": {"name": "model.property_cro.1vw_last_ad_time_rentals_flats", "type": "model", "succ": [24]}, "29": {"name": "model.property_cro.mv_inventory_rentals_flats", "type": "model"}, "30": {"name": "model.property_cro.mv_inventory_location_rentals_flats", "type": "model"}, "31": {"name": "model.property_cro.ad_price_history_agg", "type": "model"}, "32": {"name": "model.property_cro.ad_price_history", "type": "model", "succ": [31, 34]}, "33": {"name": "model.property_cro.4mv_enriched_ad_sales_houses", "type": "model", "succ": [31, 34, 40, 41]}, "34": {"name": "model.property_cro.price_changes_per_week", "type": "model"}, "35": {"name": "model.property_cro.2vw_price_history_sales_houses", "type": "model", "succ": [33, 36, 38, 37]}, "36": {"name": "model.property_cro.3vw_avg_ask_px_per_loc_sales_houses", "type": "model", "succ": [33]}, "37": {"name": "model.property_cro.3vw_avg_ask_px_per_loc_size_sales_houses", "type": "model", "succ": [33]}, "38": {"name": "model.property_cro.3vw_avg_ask_px_per_loc_year_size_sales_houses", "type": "model", "succ": [33]}, "39": {"name": "model.property_cro.1vw_last_ad_time_sales_houses", "type": "model", "succ": [35]}, "40": {"name": "model.property_cro.vw_new_ads_alert_sales_houses", "type": "model"}, "41": {"name": "model.property_cro.vw_price_drops_alert_sales_houses", "type": "model"}}}