{"metadata": {"dbt_schema_version": "https://schemas.getdbt.com/dbt/run-results/v5.json", "dbt_version": "1.7.7", "generated_at": "2024-02-11T10:46:18.677305Z", "invocation_id": "49aa851e-2f5c-4a2b-8012-83c48873d3dc", "env": {}}, "results": [{"status": "success", "timing": [{"name": "compile", "started_at": "2024-02-11T10:46:17.104280Z", "completed_at": "2024-02-11T10:46:17.110457Z"}, {"name": "execute", "started_at": "2024-02-11T10:46:17.111097Z", "completed_at": "2024-02-11T10:46:17.111109Z"}], "thread_id": "Thread-3 (worker)", "execution_time": 0.017031192779541016, "adapter_response": {}, "message": null, "failures": null, "unique_id": "model.property_cro.1vw_last_ad_time_sales_houses", "compiled": true, "compiled_code": "\n\n\n\nselect\n    ad_id,\n    min(seen_date) as first_seen,\n    max(seen_date) as last_seen,\n    case\n        when max(seen_date) <\n             \n    current_timestamp::\n    timestamp without time zone\n\n - INTERVAL '4 DAY'\n            then 'inactive'\n        else 'active'\n    end as status,\n    max(seen_date) - min(seen_date) as days_on_the_market\nfrom \"property_cro\".\"staging\".\"sales_houses\"\ngroup by ad_id\n\n", "relation_name": "\"property_cro\".\"analytics_sales_houses\".\"vw_last_ad_time\""}, {"status": "success", "timing": [{"name": "compile", "started_at": "2024-02-11T10:46:17.096374Z", "completed_at": "2024-02-11T10:46:17.112253Z"}, {"name": "execute", "started_at": "2024-02-11T10:46:17.114600Z", "completed_at": "2024-02-11T10:46:17.114604Z"}], "thread_id": "Thread-1 (worker)", "execution_time": 0.0240480899810791, "adapter_response": {}, "message": null, "failures": null, "unique_id": "model.property_cro.1vw_last_ad_time_rentals_flats", "compiled": true, "compiled_code": "\n\n\n\nselect\n    ad_id,\n    min(seen_date) as first_seen,\n    max(seen_date) as last_seen,\n    case\n        when max(seen_date) <\n             \n    current_timestamp::\n    timestamp without time zone\n\n - INTERVAL '4 DAY'\n            then 'inactive'\n        else 'active'\n    end as status,\n    max(seen_date) - min(seen_date) as days_on_the_market\nfrom \"property_cro\".\"staging\".\"rentals_flats\"\ngroup by ad_id\n\n", "relation_name": "\"property_cro\".\"analytics_rentals_flats\".\"vw_last_ad_time\""}, {"status": "success", "timing": [{"name": "compile", "started_at": "2024-02-11T10:46:17.101933Z", "completed_at": "2024-02-11T10:46:17.112543Z"}, {"name": "execute", "started_at": "2024-02-11T10:46:17.114879Z", "completed_at": "2024-02-11T10:46:17.114882Z"}], "thread_id": "Thread-2 (worker)", "execution_time": 0.02412700653076172, "adapter_response": {}, "message": null, "failures": null, "unique_id": "model.property_cro.1vw_last_ad_time_sales_flats", "compiled": true, "compiled_code": "\n\n\n\nselect\n    ad_id,\n    min(seen_date) as first_seen,\n    max(seen_date) as last_seen,\n    case\n        when max(seen_date) <\n             \n    current_timestamp::\n    timestamp without time zone\n\n - INTERVAL '4 DAY'\n            then 'inactive'\n        else 'active'\n    end as status,\n    max(seen_date) - min(seen_date) as days_on_the_market\nfrom \"property_cro\".\"staging\".\"sales_flats\"\ngroup by ad_id\n\n", "relation_name": "\"property_cro\".\"analytics_sales_flats\".\"vw_last_ad_time\""}, {"status": "success", "timing": [{"name": "compile", "started_at": "2024-02-11T10:46:17.106679Z", "completed_at": "2024-02-11T10:46:17.112871Z"}, {"name": "execute", "started_at": "2024-02-11T10:46:17.115165Z", "completed_at": "2024-02-11T10:46:17.115168Z"}], "thread_id": "Thread-4 (worker)", "execution_time": 0.02380990982055664, "adapter_response": {}, "message": null, "failures": null, "unique_id": "model.property_cro.ad_price_history", "compiled": true, "compiled_code": "\n\nwith cte as (\n    select\n        seen_date, ad_id, price, type,\n        row_number() over (partition by ad_id order by seen_date) as row_number\n    from (\n        select seen_date, ad_id, price, 'sales_flats' as type from \"property_cro\".\"staging\".\"sales_flats\" union all\n        select seen_date, ad_id, price, 'sales_houses' as type from \"property_cro\".\"staging\".\"sales_houses\" union all\n        select seen_date, ad_id, price, 'rentals_flats' as type from \"property_cro\".\"staging\".\"rentals_flats\"\n    ) a\n), cte2 as (\n    select b1.seen_date as sd_old, b1.ad_id as ad_id_old, b1.price as price_old, b1.row_number as rn_old,\n           b2.seen_date as sd_new, b2.ad_id as ad_id_new, b2.price as price_new, b2.row_number as rn_new, b1.type\n    from cte as b1\n    left join cte as b2\n        on b1.ad_id = b2.ad_id and b1.row_number = b2.row_number - 1\n)\nselect\n    ad_id_old as ad_id, type,\n    case when rn_old = 1 then 'first_seen'\n        when sd_new is null then 'last_seen'\n        when price_new <= 0.99 * price_old or price_new >= 1.01 * price_old then 'px_chg'\n    end as price_change_reason,\n    case when rn_old = 1 then sd_old\n        when sd_new is null then sd_old\n        when price_new <= 0.99 * price_old or price_new >= 1.01 * price_old then sd_new\n    end as change_date,\n    case when rn_old = 1 then 'first'\n        when sd_new is null then ('\u20ac' || round(price_old::numeric,0)::varchar)\n        when price_new <= 0.99 * price_old or price_new >= 1.01 * price_old then ('\u20ac' || round(price_old::numeric, 0)::varchar)\n    end as price_old,\n    case when rn_old = 1 then ('\u20ac' || round(price_old::numeric,0)::varchar)\n        when sd_new is null then 'current'\n        when price_new <= 0.99 * price_old or price_new >= 1.01 * price_old then ('\u20ac' || round(price_new::numeric, 0)::varchar)\n    end as price_new\nfrom cte2\nwhere rn_old = 1 -- first price\n    or sd_new is null -- last price -- decided to remove this for the time being\n    or price_new <= 0.99 * price_old or price_new >= 1.01 * price_old", "relation_name": "\"property_cro\".\"analytics_common\".\"ad_price_history\""}, {"status": "success", "timing": [{"name": "compile", "started_at": "2024-02-11T10:46:17.115439Z", "completed_at": "2024-02-11T10:46:17.119846Z"}, {"name": "execute", "started_at": "2024-02-11T10:46:17.122332Z", "completed_at": "2024-02-11T10:46:17.122335Z"}], "thread_id": "Thread-3 (worker)", "execution_time": 0.01447606086730957, "adapter_response": {}, "message": null, "failures": null, "unique_id": "model.property_cro.mv_date_to_quarter_mapping", "compiled": true, "compiled_code": "\n\n\n\n\n\n\nwith quarterly as (\n    SELECT current_date - 91 * sequence.day AS quarter\n    FROM generate_series(0, 50) AS sequence(day)\n), daily as (\n    select current_date - sequence.day AS date_\n    from generate_series(0,4550) AS sequence(day)\n), joined as (\n    select\n        date_, quarter,\n        ROW_NUMBER() OVER (PARTITION BY date_ ORDER BY abs(date_ - quarter)) as rn\n    from quarterly q\n             join daily d\n                  on q.quarter > d.date_\n)\nselect date_, quarter\nfrom joined\nwhere rn = 1\n\n\n\n-- maps date to relevant quarter, eg.\n-- date_, quarter\n-- 2021-04-09,2021-05-15\n-- 2021-04-22,2021-05-15\n-- 2021-04-30,2021-05-15\n-- 2021-05-12,2021-05-15\n-- 2021-06-08,2021-08-14\n-- 2021-06-10,2021-08-14\n-- 2021-06-19,2021-08-14\n-- 2021-07-21,2021-08-14\n-- 2021-07-30,2021-08-14", "relation_name": "\"property_cro\".\"analytics_common\".\"mv_date_to_quarter_mapping\""}, {"status": "success", "timing": [{"name": "compile", "started_at": "2024-02-11T10:46:17.125204Z", "completed_at": "2024-02-11T10:46:17.131498Z"}, {"name": "execute", "started_at": "2024-02-11T10:46:17.136107Z", "completed_at": "2024-02-11T10:46:17.136113Z"}], "thread_id": "Thread-2 (worker)", "execution_time": 0.016617298126220703, "adapter_response": {}, "message": null, "failures": null, "unique_id": "model.property_cro.2vw_price_history_sales_houses", "compiled": true, "compiled_code": "\n\n\n\nwith t as (\n    select\n\t\tlas.ad_id,\n        t.last_seen,\n        t.first_seen,\n        price,\n        seen_date,\n        t.days_on_the_market,\n        t.status,\n        first_value(price) over (partition by las.ad_id order by seen_date desc range between UNBOUNDED preceding and unbounded following) as current_price,\n\t\tlast_value(price) over (partition by las.ad_id order by seen_date desc range between UNBOUNDED preceding and unbounded following) as first_price\n\tfrom \"property_cro\".\"staging\".\"sales_houses\" las\n    join \"property_cro\".\"analytics_sales_houses\".\"vw_last_ad_time\" as t\n        on las.ad_id = t.ad_id\n    where las.price < 1000000\n),\nad_price_history as (\n    select\n        ad_id,\n        last_seen,\n        first_seen,\n        current_price,\n        first_price,\n        days_on_the_market,\n        status,\n        min(price) filter ( where seen_date <= t.last_seen - interval '60 day') as price_60,\n        min(price) filter ( where seen_date between t.last_seen - interval '60 day' and t.last_seen - interval '45 day') as price_45,\n        min(price) filter ( where seen_date between t.last_seen - interval '45 day' and t.last_seen - interval '30 day') as price_30,\n        min(price) filter ( where seen_date between t.last_seen - interval '30 day' and t.last_seen - interval '15 day') as price_15,\n        min(price) filter ( where seen_date between t.last_seen - interval '15 day' and t.last_seen - interval '7 day') as price_7,\n        min(price) filter ( where seen_date between t.last_seen - interval '7 day' and t.last_seen - interval '3 day') as price_3,\n        count(ad_id) as num_seen,\n        max(seen_date) as latest_seen_date\n    from t\n    group by ad_id, last_seen, first_seen, current_price, first_price, days_on_the_market, status\n), last_ad as (\n    select\n        ad.ad_id,\n        ad.seen_date,\n        ad.location,\n        ad.title,\n        ad.link,\n        ad.flat_type,\n        ad.floor,\n        ad.size,\n        ad.price\n    from (select row_number() over (partition by ad_id order by seen_time desc) as rown,\n                 *\n          from \"property_cro\".\"staging\".\"sales_houses\") ad\n    where rown = 1\n)\nselect\n    ad.location,\n    ad.title,\n    ad.link,\n    ad.flat_type,\n    ad.floor,\n    ad.size,\n    ad.price,\n    aph.ad_id,\n    aph.last_seen,\n    aph.first_seen,\n    aph.current_price,\n    aph.first_price,\n    aph.price_60,\n    aph.price_45,\n    aph.price_30,\n    aph.price_15,\n    aph.price_7,\n    aph.price_3,\n    aph.num_seen,\n    aph.latest_seen_date,\n    aph.days_on_the_market,\n    aph.status\nfrom ad_price_history aph\njoin last_ad ad\n\ton aph.ad_id = ad.ad_id\n\tand aph.last_seen = ad.seen_date\n\n", "relation_name": "\"property_cro\".\"analytics_sales_houses\".\"vw_price_history\""}, {"status": "success", "timing": [{"name": "compile", "started_at": "2024-02-11T10:46:17.122850Z", "completed_at": "2024-02-11T10:46:17.131806Z"}, {"name": "execute", "started_at": "2024-02-11T10:46:17.136702Z", "completed_at": "2024-02-11T10:46:17.136705Z"}], "thread_id": "Thread-1 (worker)", "execution_time": 0.017862796783447266, "adapter_response": {}, "message": null, "failures": null, "unique_id": "model.property_cro.zagreb_locations", "compiled": true, "compiled_code": "\n\nselect 'Donji Grad, Donji grad' as location union all\nselect 'Dubrava, Dubrava' as location union all\nselect 'Gornja Dubrava, Gornja Dubrava' as location union all\nselect 'Gornja Dubrava, Poljanice' as location union all\nselect 'Gornji Grad - Medve\u0161\u010dak, Britanac' as location union all\nselect 'Gornji Grad - Medve\u0161\u010dak, Centar' as location union all\nselect 'Gornji Grad - Medve\u0161\u010dak, Dolac' as location union all\nselect 'Gornji Grad - Medve\u0161\u010dak, Gornji grad' as location union all\nselect 'Gornji Grad - Medve\u0161\u010dak, Gup\u010deva zvijezda' as location union all\nselect 'Gornji Grad - Medve\u0161\u010dak, Kaptol' as location union all\nselect 'Gornji Grad - Medve\u0161\u010dak, Kraljevec' as location union all\nselect 'Gornji Grad - Medve\u0161\u010dak, Ksaver' as location union all\nselect 'Gornji Grad - Medve\u0161\u010dak, Medve\u0161\u010dak' as location union all\nselect 'Gornji Grad - Medve\u0161\u010dak, Mirogoj' as location union all\nselect 'Gornji Grad - Medve\u0161\u010dak, Pantov\u010dak' as location union all\nselect 'Gornji Grad - Medve\u0161\u010dak, Prekri\u017eje' as location union all\nselect 'Gornji Grad - Medve\u0161\u010dak, Ribnjak' as location union all\nselect 'Gornji Grad - Medve\u0161\u010dak, Tu\u0161kanac' as location union all\nselect 'Gornji Grad - Medve\u0161\u010dak, Vo\u0107arsko naselje' as location union all\nselect 'Gornji Grad - Medve\u0161\u010dak, Zelengaj' as location union all\nselect 'Gornji Grad - Medve\u0161\u010dak, \u0160alata' as location union all\nselect 'Maksimir, Maksimir' as location union all\nselect 'Maksimir, Ravnice' as location union all\nselect 'Maksimir, Svetice' as location union all\nselect 'Novi Zagreb - Istok, Bundek' as location union all\nselect 'Novi Zagreb - Istok, Dugave' as location union all\nselect 'Novi Zagreb - Istok, Sopot' as location union all\nselect 'Novi Zagreb - Istok, Sredi\u0161\u0107e' as location union all\nselect 'Novi Zagreb - Istok, Travno' as location union all\nselect 'Novi Zagreb - Istok, Utrina' as location union all\nselect 'Novi Zagreb - Istok, Zapru\u0111e' as location union all\nselect 'Novi Zagreb - Zapad, Kajzerica' as location union all\nselect 'Novi Zagreb - Zapad, Lani\u0161te' as location union all\nselect 'Novi Zagreb - Zapad, Siget' as location union all\nselect 'Novi Zagreb - Zapad, Trnsko' as location union all\nselect 'Pe\u0161\u010denica - \u017ditnjak, Borovje' as location union all\nselect 'Pe\u0161\u010denica - \u017ditnjak, Donje Svetice' as location union all\nselect 'Pe\u0161\u010denica - \u017ditnjak, Dubec' as location union all\nselect 'Pe\u0161\u010denica - \u017ditnjak, Feren\u0161\u010dica' as location union all\nselect 'Pe\u0161\u010denica - \u017ditnjak, Folnegovi\u0107evo naselje' as location union all\nselect 'Pe\u0161\u010denica - \u017ditnjak, Savica - \u0160anci' as location union all\nselect 'Pe\u0161\u010denica - \u017ditnjak, Volov\u010dica' as location union all\nselect 'Pe\u0161\u010denica - \u017ditnjak, Vukomerec' as location union all\nselect 'Pe\u0161\u010denica - \u017ditnjak, \u017ditnjak' as location union all\nselect 'Podsljeme, Dolje' as location union all\nselect 'Podsljeme, Gra\u010dani' as location union all\nselect 'Podsljeme, Mlinovi' as location union all\nselect 'Podsljeme, \u0160estine' as location union all\nselect 'Stenjevec, Male\u0161nica' as location union all\nselect 'Stenjevec, Stenjevec' as location union all\nselect 'Stenjevec, \u0160pansko' as location union all\nselect 'Tre\u0161njevka - Jug, Gajevo' as location union all\nselect 'Tre\u0161njevka - Jug, Gredice' as location union all\nselect 'Tre\u0161njevka - Jug, Horvati' as location union all\nselect 'Tre\u0161njevka - Jug, Jarun' as location union all\nselect 'Tre\u0161njevka - Jug, Kne\u017eija' as location union all\nselect 'Tre\u0161njevka - Jug, Pre\u010dko' as location union all\nselect 'Tre\u0161njevka - Jug, Srednjaci' as location union all\nselect 'Tre\u0161njevka - Jug, Stagli\u0161\u0107e' as location union all\nselect 'Tre\u0161njevka - Jug, Vrbani' as location union all\nselect 'Tre\u0161njevka - Sjever, Tre\u0161njevka' as location union all\nselect 'Trnje, Cvjetno naselje' as location union all\nselect 'Trnje, Kanal' as location union all\nselect 'Trnje, Kruge' as location union all\nselect 'Trnje, Martinovka' as location union all\nselect 'Trnje, Savica' as location union all\nselect 'Trnje, Sige\u010dica' as location union all\nselect 'Trnje, Trnje' as location union all\nselect 'Trnje, Vrbik' as location union all\nselect '\u010crnomerec, Bijenik' as location union all\nselect '\u010crnomerec, Sveti Duh' as location union all\nselect '\u010crnomerec, \u010crnomerec' as location", "relation_name": "\"property_cro\".\"analytics_common\".\"zagreb_locations\""}, {"status": "success", "timing": [{"name": "compile", "started_at": "2024-02-11T10:46:17.128036Z", "completed_at": "2024-02-11T10:46:17.135488Z"}, {"name": "execute", "started_at": "2024-02-11T10:46:17.137795Z", "completed_at": "2024-02-11T10:46:17.137798Z"}], "thread_id": "Thread-4 (worker)", "execution_time": 0.018047809600830078, "adapter_response": {}, "message": null, "failures": null, "unique_id": "model.property_cro.2vw_price_history_rentals_flats", "compiled": true, "compiled_code": "\n\n\n\nwith t as (\n    select\n\t\tlas.ad_id,\n        t.last_seen,\n        t.first_seen,\n        price,\n        seen_date,\n        t.days_on_the_market,\n        t.status,\n        first_value(price) over (partition by las.ad_id order by seen_date desc range between UNBOUNDED preceding and unbounded following) as current_price,\n\t\tlast_value(price) over (partition by las.ad_id order by seen_date desc range between UNBOUNDED preceding and unbounded following) as first_price\n\tfrom \"property_cro\".\"staging\".\"rentals_flats\" las\n    join \"property_cro\".\"analytics_rentals_flats\".\"vw_last_ad_time\" as t\n        on las.ad_id = t.ad_id\n    where las.price < 10000\n),\nad_price_history as (\n    select\n        ad_id,\n        last_seen,\n        first_seen,\n        current_price,\n        first_price,\n        days_on_the_market,\n        status,\n        min(price) filter ( where seen_date <= t.last_seen - interval '60 day') as price_60,\n        min(price) filter ( where seen_date between t.last_seen - interval '60 day' and t.last_seen - interval '45 day') as price_45,\n        min(price) filter ( where seen_date between t.last_seen - interval '45 day' and t.last_seen - interval '30 day') as price_30,\n        min(price) filter ( where seen_date between t.last_seen - interval '30 day' and t.last_seen - interval '15 day') as price_15,\n        min(price) filter ( where seen_date between t.last_seen - interval '15 day' and t.last_seen - interval '7 day') as price_7,\n        min(price) filter ( where seen_date between t.last_seen - interval '7 day' and t.last_seen - interval '3 day') as price_3,\n        count(ad_id) as num_seen,\n        max(seen_date) as latest_seen_date\n    from t\n    group by ad_id, last_seen, first_seen, current_price, first_price, days_on_the_market, status\n), last_ad as (\n    select\n        ad.ad_id,\n        ad.seen_date,\n        ad.location,\n        ad.title,\n        ad.link,\n        ad.flat_type,\n        ad.floor,\n        ad.size,\n        ad.price\n    from (select row_number() over (partition by ad_id order by seen_time desc) as rown,\n                 *\n          from \"property_cro\".\"staging\".\"rentals_flats\") ad\n    where rown = 1\n)\nselect\n    ad.location,\n    ad.title,\n    ad.link,\n    ad.flat_type,\n    ad.floor,\n    ad.size,\n    ad.price,\n    aph.ad_id,\n    aph.last_seen,\n    aph.first_seen,\n    aph.current_price,\n    aph.first_price,\n    aph.price_60,\n    aph.price_45,\n    aph.price_30,\n    aph.price_15,\n    aph.price_7,\n    aph.price_3,\n    aph.num_seen,\n    aph.latest_seen_date,\n    aph.days_on_the_market,\n    aph.status\nfrom ad_price_history aph\njoin last_ad ad\n\ton aph.ad_id = ad.ad_id\n\tand aph.last_seen = ad.seen_date\n\n", "relation_name": "\"property_cro\".\"analytics_rentals_flats\".\"vw_price_history\""}, {"status": "success", "timing": [{"name": "compile", "started_at": "2024-02-11T10:46:17.132115Z", "completed_at": "2024-02-11T10:46:17.136969Z"}, {"name": "execute", "started_at": "2024-02-11T10:46:17.140144Z", "completed_at": "2024-02-11T10:46:17.140148Z"}], "thread_id": "Thread-3 (worker)", "execution_time": 0.01092982292175293, "adapter_response": {}, "message": null, "failures": null, "unique_id": "model.property_cro.2vw_price_history_sales_flats", "compiled": true, "compiled_code": "\n\n\n\nwith t as (\n    select\n\t\tlas.ad_id,\n        t.last_seen,\n        t.first_seen,\n        price,\n        seen_date,\n        t.days_on_the_market,\n        t.status,\n        first_value(price) over (partition by las.ad_id order by seen_date desc range between UNBOUNDED preceding and unbounded following) as current_price,\n\t\tlast_value(price) over (partition by las.ad_id order by seen_date desc range between UNBOUNDED preceding and unbounded following) as first_price\n\tfrom \"property_cro\".\"staging\".\"sales_flats\" las\n    join \"property_cro\".\"analytics_sales_flats\".\"vw_last_ad_time\" as t\n        on las.ad_id = t.ad_id\n    where las.price < 1000000\n),\nad_price_history as (\n    select\n        ad_id,\n        last_seen,\n        first_seen,\n        current_price,\n        first_price,\n        days_on_the_market,\n        status,\n        min(price) filter ( where seen_date <= t.last_seen - interval '60 day') as price_60,\n        min(price) filter ( where seen_date between t.last_seen - interval '60 day' and t.last_seen - interval '45 day') as price_45,\n        min(price) filter ( where seen_date between t.last_seen - interval '45 day' and t.last_seen - interval '30 day') as price_30,\n        min(price) filter ( where seen_date between t.last_seen - interval '30 day' and t.last_seen - interval '15 day') as price_15,\n        min(price) filter ( where seen_date between t.last_seen - interval '15 day' and t.last_seen - interval '7 day') as price_7,\n        min(price) filter ( where seen_date between t.last_seen - interval '7 day' and t.last_seen - interval '3 day') as price_3,\n        count(ad_id) as num_seen,\n        max(seen_date) as latest_seen_date\n    from t\n    group by ad_id, last_seen, first_seen, current_price, first_price, days_on_the_market, status\n), last_ad as (\n    select\n        ad.ad_id,\n        ad.seen_date,\n        ad.location,\n        ad.title,\n        ad.link,\n        ad.flat_type,\n        ad.floor,\n        ad.size,\n        ad.price\n    from (select row_number() over (partition by ad_id order by seen_time desc) as rown,\n                 *\n          from \"property_cro\".\"staging\".\"sales_flats\") ad\n    where rown = 1\n)\nselect\n    ad.location,\n    ad.title,\n    ad.link,\n    ad.flat_type,\n    ad.floor,\n    ad.size,\n    ad.price,\n    aph.ad_id,\n    aph.last_seen,\n    aph.first_seen,\n    aph.current_price,\n    aph.first_price,\n    aph.price_60,\n    aph.price_45,\n    aph.price_30,\n    aph.price_15,\n    aph.price_7,\n    aph.price_3,\n    aph.num_seen,\n    aph.latest_seen_date,\n    aph.days_on_the_market,\n    aph.status\nfrom ad_price_history aph\njoin last_ad ad\n\ton aph.ad_id = ad.ad_id\n\tand aph.last_seen = ad.seen_date\n\n", "relation_name": "\"property_cro\".\"analytics_sales_flats\".\"vw_price_history\""}, {"status": "success", "timing": [{"name": "compile", "started_at": "2024-02-11T10:46:17.143274Z", "completed_at": "2024-02-11T10:46:17.151847Z"}, {"name": "execute", "started_at": "2024-02-11T10:46:17.156170Z", "completed_at": "2024-02-11T10:46:17.156177Z"}], "thread_id": "Thread-2 (worker)", "execution_time": 0.01683187484741211, "adapter_response": {}, "message": null, "failures": null, "unique_id": "model.property_cro.3vw_avg_ask_px_per_loc_sales_houses", "compiled": true, "compiled_code": "\n\n\n\nselect distinct\n\tlocation,\n\tcount(ad_id) over (partition by location) as area_total_ads,\n\tavg(price/size) over (partition by location) as area_average\nfrom \"property_cro\".\"analytics_sales_houses\".\"vw_price_history\"\nwhere last_seen > \n    current_timestamp::\n    timestamp without time zone\n\n - INTERVAL '270 DAY'\n    and price > 30000\n\n", "relation_name": "\"property_cro\".\"analytics_sales_houses\".\"vw_avg_ask_px_per_loc\""}, {"status": "success", "timing": [{"name": "compile", "started_at": "2024-02-11T10:46:17.146356Z", "completed_at": "2024-02-11T10:46:17.152455Z"}, {"name": "execute", "started_at": "2024-02-11T10:46:17.156507Z", "completed_at": "2024-02-11T10:46:17.156510Z"}], "thread_id": "Thread-1 (worker)", "execution_time": 0.0169527530670166, "adapter_response": {}, "message": null, "failures": null, "unique_id": "model.property_cro.3vw_avg_ask_px_per_loc_size_sales_houses", "compiled": true, "compiled_code": "\n\n\n\nselect distinct \n\tlocation,\n    FLOOR(size / 20) * 20 as size,\n\tcount(distinct ad_id) area_total_ads,\n\tavg(price/size) as area_average\nfrom \"property_cro\".\"analytics_sales_houses\".\"vw_price_history\"\nWHERE last_seen >  \n    current_timestamp::\n    timestamp without time zone\n\n - INTERVAL '270 DAY'\n    and price > 30000\ngroup by location, FLOOR(size / 20)\n\n", "relation_name": "\"property_cro\".\"analytics_sales_houses\".\"vw_avg_ask_px_per_loc_size\""}, {"status": "success", "timing": [{"name": "compile", "started_at": "2024-02-11T10:46:17.149250Z", "completed_at": "2024-02-11T10:46:17.155879Z"}, {"name": "execute", "started_at": "2024-02-11T10:46:17.158535Z", "completed_at": "2024-02-11T10:46:17.158539Z"}], "thread_id": "Thread-4 (worker)", "execution_time": 0.017599105834960938, "adapter_response": {}, "message": null, "failures": null, "unique_id": "model.property_cro.3vw_avg_ask_px_per_loc_year_size_sales_houses", "compiled": true, "compiled_code": "\n\n\n\nselect distinct\n\tlocation,\n    FLOOR(year_built / 20) * 20 as year_range,\n    FLOOR(size / 20) * 20 as size,\n\tcount(distinct vh.ad_id) area_total_ads,\n\tavg(price/size) as area_average\nfrom \"property_cro\".\"analytics_sales_houses\".\"vw_price_history\" vh\njoin \"property_cro\".\"staging\".\"sale_house_desc\" sd on vh.ad_id = sd.ad_id\nWHERE last_seen >=  \n    current_timestamp::\n    timestamp without time zone\n\n - INTERVAL '270 DAY'\n    and year_built is not null and size is not null\n    and price > 30000\ngroup by location, FLOOR(year_built / 20), FLOOR(size / 20)\n\n", "relation_name": "\"property_cro\".\"analytics_sales_houses\".\"vw_avg_ask_px_per_loc_year_size\""}, {"status": "success", "timing": [{"name": "compile", "started_at": "2024-02-11T10:46:17.153063Z", "completed_at": "2024-02-11T10:46:17.157653Z"}, {"name": "execute", "started_at": "2024-02-11T10:46:17.160679Z", "completed_at": "2024-02-11T10:46:17.160682Z"}], "thread_id": "Thread-3 (worker)", "execution_time": 0.01334691047668457, "adapter_response": {}, "message": null, "failures": null, "unique_id": "model.property_cro.3vw_avg_ask_px_per_loc_rentals_flats", "compiled": true, "compiled_code": "\n\n\n\nselect distinct\n\tlocation,\n\tcount(ad_id) over (partition by location) as area_total_ads,\n\tavg(price/size) over (partition by location) as area_average\nfrom \"property_cro\".\"analytics_rentals_flats\".\"vw_price_history\"\nwhere last_seen > \n    current_timestamp::\n    timestamp without time zone\n\n - INTERVAL '360 DAY'\n    and price > 150\n\n", "relation_name": "\"property_cro\".\"analytics_rentals_flats\".\"vw_avg_ask_px_per_loc\""}, {"status": "success", "timing": [{"name": "compile", "started_at": "2024-02-11T10:46:17.163109Z", "completed_at": "2024-02-11T10:46:17.172776Z"}, {"name": "execute", "started_at": "2024-02-11T10:46:17.176900Z", "completed_at": "2024-02-11T10:46:17.176907Z"}], "thread_id": "Thread-2 (worker)", "execution_time": 0.017770051956176758, "adapter_response": {}, "message": null, "failures": null, "unique_id": "model.property_cro.3vw_avg_ask_px_per_loc_size_rentals_flats", "compiled": true, "compiled_code": "\n\n\n\nselect distinct \n\tlocation,\n    FLOOR(size / 20) * 20 as size,\n\tcount(distinct ad_id) area_total_ads,\n\tavg(price/size) as area_average\nfrom \"property_cro\".\"analytics_rentals_flats\".\"vw_price_history\"\nWHERE last_seen >  \n    current_timestamp::\n    timestamp without time zone\n\n - INTERVAL '360 DAY'\n    and price > 150\ngroup by location, FLOOR(size / 20)\n\n", "relation_name": "\"property_cro\".\"analytics_rentals_flats\".\"vw_avg_ask_px_per_loc_size\""}, {"status": "success", "timing": [{"name": "compile", "started_at": "2024-02-11T10:46:17.166096Z", "completed_at": "2024-02-11T10:46:17.173088Z"}, {"name": "execute", "started_at": "2024-02-11T10:46:17.177223Z", "completed_at": "2024-02-11T10:46:17.177227Z"}], "thread_id": "Thread-1 (worker)", "execution_time": 0.01767873764038086, "adapter_response": {}, "message": null, "failures": null, "unique_id": "model.property_cro.3vw_avg_ask_px_per_loc_year_size_rentals_flats", "compiled": true, "compiled_code": "\n\n\n\nselect distinct\n\tlocation,\n    FLOOR(year_built / 20) * 20 as year_range,\n    FLOOR(size / 20) * 20 as size,\n\tcount(distinct vh.ad_id) area_total_ads,\n\tavg(price/size) as area_average\nfrom \"property_cro\".\"analytics_rentals_flats\".\"vw_price_history\" vh\njoin \"property_cro\".\"staging\".\"rental_flat_desc\" sd on vh.ad_id = sd.ad_id\nWHERE last_seen >=  \n    current_timestamp::\n    timestamp without time zone\n\n - INTERVAL '360 DAY'\n    and year_built is not null and size is not null\n    and price > 150\ngroup by location, FLOOR(year_built / 20), FLOOR(size / 20)\n\n", "relation_name": "\"property_cro\".\"analytics_rentals_flats\".\"vw_avg_ask_px_per_loc_year_size\""}, {"status": "success", "timing": [{"name": "compile", "started_at": "2024-02-11T10:46:17.170147Z", "completed_at": "2024-02-11T10:46:17.174226Z"}, {"name": "execute", "started_at": "2024-02-11T10:46:17.179012Z", "completed_at": "2024-02-11T10:46:17.179016Z"}], "thread_id": "Thread-4 (worker)", "execution_time": 0.01766800880432129, "adapter_response": {}, "message": null, "failures": null, "unique_id": "model.property_cro.3vw_avg_ask_px_per_loc_sales_flats", "compiled": true, "compiled_code": "\n\n\n\nselect distinct\n\tlocation,\n\tcount(ad_id) over (partition by location) as area_total_ads,\n\tavg(price/size) over (partition by location) as area_average\nfrom \"property_cro\".\"analytics_sales_flats\".\"vw_price_history\"\nwhere last_seen > \n    current_timestamp::\n    timestamp without time zone\n\n - INTERVAL '270 DAY'\n    and price > 30000\n\n", "relation_name": "\"property_cro\".\"analytics_sales_flats\".\"vw_avg_ask_px_per_loc\""}, {"status": "success", "timing": [{"name": "compile", "started_at": "2024-02-11T10:46:17.174507Z", "completed_at": "2024-02-11T10:46:17.179583Z"}, {"name": "execute", "started_at": "2024-02-11T10:46:17.182290Z", "completed_at": "2024-02-11T10:46:17.182293Z"}], "thread_id": "Thread-3 (worker)", "execution_time": 0.016614198684692383, "adapter_response": {}, "message": null, "failures": null, "unique_id": "model.property_cro.3vw_avg_ask_px_per_loc_size_sales_flats", "compiled": true, "compiled_code": "\n\n\n\nselect distinct \n\tlocation,\n    FLOOR(size / 20) * 20 as size,\n\tcount(distinct ad_id) area_total_ads,\n\tavg(price/size) as area_average\nfrom \"property_cro\".\"analytics_sales_flats\".\"vw_price_history\"\nWHERE last_seen >  \n    current_timestamp::\n    timestamp without time zone\n\n - INTERVAL '270 DAY'\n    and price > 30000\ngroup by location, FLOOR(size / 20)\n\n", "relation_name": "\"property_cro\".\"analytics_sales_flats\".\"vw_avg_ask_px_per_loc_size\""}, {"status": "success", "timing": [{"name": "compile", "started_at": "2024-02-11T10:46:17.186659Z", "completed_at": "2024-02-11T10:46:17.193480Z"}, {"name": "execute", "started_at": "2024-02-11T10:46:17.194920Z", "completed_at": "2024-02-11T10:46:17.194925Z"}], "thread_id": "Thread-1 (worker)", "execution_time": 0.014531135559082031, "adapter_response": {}, "message": null, "failures": null, "unique_id": "model.property_cro.4mv_enriched_ad_sales_houses", "compiled": true, "compiled_code": "\n\nselect\n    \n    s.location,\n    s.title,\n    s.link,\n    s.flat_type,\n    s.floor,\n    s.size,\n    s.price,\n    s.first_price,\n    s.current_price,\n    s.num_seen,\n    round((s.price/s.size)::numeric, 0) as price_m2,\n    round(a.area_average::numeric, 0) as area_price_m2,\n    round((100 * (a.area_average - s.price/s.size) / a.area_average)::numeric, 1) as area_discount,\n    round(a2.area_average::numeric, 0) as area_sized_price_m2,\n    round((100 * (a2.area_average - s.price/s.size) / a2.area_average)::numeric, 1) as area_sized_discount,\n    round(a3.area_average::numeric, 0) as area_aged_sized_price_m2,\n    round((100 * (a3.area_average - s.price/s.size) / a3.area_average)::numeric, 1)  as area_aged_sized_discount,\n    round(((s.first_price - s.price)/s.first_price * 100)::numeric, 1)  as price_drop_pecentage,\n    s.first_seen,\n    s.last_seen,\n    s.ad_id,\n    s.latest_seen_date,\n    s.status,\n    s.days_on_the_market,\n    s.price_3,\n    s.price_7,\n    s.price_15,\n    s.price_30,\n    s.price_45,\n    s.price_60,\n    sd.url,\n    sd.location2,\n    sd.street,\n    sd.num_views,\n    sd.advertiser,\n    sd.number_of_floors,\n    sd.year_built,\n    sd.year_last_renovated,\n    sd.total_liveable_area,\n    sd.net_area,\n    sd.number_of_rooms,\n    sd.number_of_parking_spots,\n    sd.balcony_terrace,\n    case when RIGHT(sd.floor, 1) like '.'\n        then SUBSTR(sd.floor, 1, LENGTH(sd.floor)-1)\n        else sd.floor\n    end as floor_desc,\n    sd.furbishment_state,\n    sd.epc_rating,\n    sd.table_data,\n    sd.description,\n    sd.extra_description,\n    sd.seen_time,\n\n    sd.building_type,\n    sd.house_type,\n    sd.total_number_of_floors_in_building\nfrom \"property_cro\".\"analytics_sales_houses\".\"vw_price_history\" s\njoin \"property_cro\".\"analytics_sales_houses\".\"vw_avg_ask_px_per_loc\"  a on s.location = a.location\nleft join \"property_cro\".\"staging\".\"sale_house_desc\" sd on s.ad_id = sd.ad_id\nleft join \"property_cro\".\"analytics_sales_houses\".\"vw_avg_ask_px_per_loc_size\" a2 on s.location = a2.location and FLOOR(s.size / 20) * 20 = a2.size\nleft join \"property_cro\".\"analytics_sales_houses\".\"vw_avg_ask_px_per_loc_year_size\" a3 on s.location = a3.location and FLOOR(s.size / 20) * 20 = a3.size and FLOOR(sd.year_built / 20) * 20 = a3.year_range", "relation_name": "\"property_cro\".\"analytics_sales_houses\".\"mv_enriched_ad\""}, {"status": "success", "timing": [{"name": "compile", "started_at": "2024-02-11T10:46:17.183208Z", "completed_at": "2024-02-11T10:46:17.193796Z"}, {"name": "execute", "started_at": "2024-02-11T10:46:17.195448Z", "completed_at": "2024-02-11T10:46:17.195451Z"}], "thread_id": "Thread-2 (worker)", "execution_time": 0.01596689224243164, "adapter_response": {}, "message": null, "failures": null, "unique_id": "model.property_cro.3vw_avg_ask_px_per_loc_year_size_sales_flats", "compiled": true, "compiled_code": "\n\n\n\nselect distinct\n\tlocation,\n    FLOOR(year_built / 20) * 20 as year_range,\n    FLOOR(size / 20) * 20 as size,\n\tcount(distinct vh.ad_id) area_total_ads,\n\tavg(price/size) as area_average\nfrom \"property_cro\".\"analytics_sales_flats\".\"vw_price_history\" vh\njoin \"property_cro\".\"staging\".\"sale_flat_desc\" sd on vh.ad_id = sd.ad_id\nWHERE last_seen >=  \n    current_timestamp::\n    timestamp without time zone\n\n - INTERVAL '270 DAY'\n    and year_built is not null and size is not null\n    and price > 30000\ngroup by location, FLOOR(year_built / 20), FLOOR(size / 20)\n\n", "relation_name": "\"property_cro\".\"analytics_sales_flats\".\"vw_avg_ask_px_per_loc_year_size\""}, {"status": "success", "timing": [{"name": "compile", "started_at": "2024-02-11T10:46:17.189857Z", "completed_at": "2024-02-11T10:46:17.194366Z"}, {"name": "execute", "started_at": "2024-02-11T10:46:17.196264Z", "completed_at": "2024-02-11T10:46:17.196267Z"}], "thread_id": "Thread-4 (worker)", "execution_time": 0.015042781829833984, "adapter_response": {}, "message": null, "failures": null, "unique_id": "model.property_cro.4mv_enriched_ad_rentals_flats", "compiled": true, "compiled_code": "\n\nselect\n    \n    s.location,\n    s.title,\n    s.link,\n    s.flat_type,\n    s.floor,\n    s.size,\n    s.price,\n    s.first_price,\n    s.current_price,\n    s.num_seen,\n    round((s.price/s.size)::numeric, 1) as price_m2,\n    round(a.area_average::numeric, 1) as area_price_m2,\n    round((100 * (a.area_average - s.price/s.size) / a.area_average)::numeric, 1) as area_discount,\n    round(a2.area_average::numeric, 1) as area_sized_price_m2,\n    round((100 * (a2.area_average - s.price/s.size) / a2.area_average)::numeric, 1) as area_sized_discount,\n    round(a3.area_average::numeric, 1) as area_aged_sized_price_m2,\n    round((100 * (a3.area_average - s.price/s.size) / a3.area_average)::numeric, 1)  as area_aged_sized_discount,\n    round(((s.first_price - s.price)/s.first_price * 100)::numeric, 1)  as price_drop_pecentage,\n    s.first_seen,\n    s.last_seen,\n    s.ad_id,\n    s.latest_seen_date,\n    s.status,\n    s.days_on_the_market,\n    s.price_3,\n    s.price_7,\n    s.price_15,\n    s.price_30,\n    s.price_45,\n    s.price_60,\n    sd.url,\n    sd.location2,\n    sd.street,\n    sd.num_views,\n    sd.advertiser,\n    sd.number_of_floors,\n    sd.year_built,\n    sd.year_last_renovated,\n    sd.total_liveable_area,\n    sd.net_area,\n    sd.number_of_rooms,\n    sd.number_of_parking_spots,\n    sd.balcony_terrace,\n    case when RIGHT(sd.floor, 1) like '.'\n        then SUBSTR(sd.floor, 1, LENGTH(sd.floor)-1)\n        else sd.floor\n    end as floor_desc,\n    sd.furbishment_state,\n    sd.epc_rating,\n    sd.table_data,\n    sd.description,\n    sd.extra_description,\n    sd.seen_time,\n\n    sd.apartment_type,\n    case\n        when RIGHT(sd.total_number_of_floors_in_building, 1) like '.'\n            then SUBSTR(sd.total_number_of_floors_in_building, 1, LENGTH(sd.total_number_of_floors_in_building)-1)::integer\n        when lower(sd.total_number_of_floors_in_building) like '%prizemlje%'\n            then 1\n        when sd.total_number_of_floors_in_building like '25+'\n            then 25\n        else sd.total_number_of_floors_in_building::integer\n    end as total_number_of_floors_in_building\nfrom \"property_cro\".\"analytics_rentals_flats\".\"vw_price_history\" s\njoin \"property_cro\".\"analytics_rentals_flats\".\"vw_avg_ask_px_per_loc\"  a on s.location = a.location\nleft join \"property_cro\".\"staging\".\"rental_flat_desc\" sd on s.ad_id = sd.ad_id\nleft join \"property_cro\".\"analytics_rentals_flats\".\"vw_avg_ask_px_per_loc_size\" a2 on s.location = a2.location and FLOOR(s.size / 20) * 20 = a2.size\nleft join \"property_cro\".\"analytics_rentals_flats\".\"vw_avg_ask_px_per_loc_year_size\" a3 on s.location = a3.location and FLOOR(s.size / 20) * 20 = a3.size and FLOOR(sd.year_built / 20) * 20 = a3.year_range", "relation_name": "\"property_cro\".\"analytics_rentals_flats\".\"mv_enriched_ad\""}, {"status": "success", "timing": [{"name": "compile", "started_at": "2024-02-11T10:46:17.201159Z", "completed_at": "2024-02-11T10:46:17.212311Z"}, {"name": "execute", "started_at": "2024-02-11T10:46:17.214279Z", "completed_at": "2024-02-11T10:46:17.214284Z"}], "thread_id": "Thread-3 (worker)", "execution_time": 0.01701521873474121, "adapter_response": {}, "message": null, "failures": null, "unique_id": "model.property_cro.vw_new_ads_alert_sales_houses", "compiled": true, "compiled_code": "\n\nselect\n       m1.location,\n       m1.title,\n       m1.link,\n       m1.flat_type,\n       m1.floor,\n       m1.size,\n       m1.price,\n       m1.first_price,\n       m1.current_price,\n       m1.num_seen,\n       m1.price_m2,\n       m1.area_price_m2,\n       m1.area_discount,\n       m1.area_sized_price_m2,\n       m1.area_sized_discount,\n       m1.area_aged_sized_price_m2,\n       m1.area_aged_sized_discount,\n       m1.price_drop_pecentage,\n       m1.first_seen,\n       m1.last_seen,\n       m1.ad_id,\n       m1.latest_seen_date,\n       m1.status,\n       m1.days_on_the_market,\n       m1.price_7,\n       m1.price_15,\n       m1.price_30,\n       m1.price_45,\n       m1.price_60,\n       m1.url,\n       m1.location2,\n       m1.street,\n       m1.num_views,\n       m1.building_type,\n       m1.house_type,\n       m1.number_of_floors,\n       m1.year_built,\n       m1.year_last_renovated,\n       m1.total_liveable_area,\n       m1.net_area,\n       m1.number_of_rooms,\n       m1.number_of_parking_spots,\n       m1.balcony_terrace,\n       m1.total_number_of_floors_in_building,\n       m1.furbishment_state,\n       m1.epc_rating,\n       m1.table_data,\n       m1.description,\n       m1.extra_description,\n       m1.seen_time,\n       m1.advertiser\nfrom \"property_cro\".\"analytics_sales_houses\".\"mv_enriched_ad\" as m1\nwhere price <= 200000\n    and price_m2 <= 1750\n    and price_m2 > 300\n    and size < 200\n    and (year_built is null or year_built >= 2003)\n    and (year_last_renovated is null or year_last_renovated > 2000)\n--     and number_of_floors not in ('Prizemnica','Visoka prizemnica')\n--     and total_number_of_floors_in_building not in ('Prizemnica','Visoka prizemnica')\n    and coalesce(furbishment_state,'') not in ('Za renoviranje','Roh-bau')\n    and lower(description) not like '%roh bau%'\n    and lower(description) not like '%roh-bau%'\n    and location2 not in ('Grad Zagreb, Pe\u0161\u010denica - \u017ditnjak, Kozari put')\n    and m1.price > 1000\n    \n    and m1.first_seen between \n    current_timestamp::\n    timestamp without time zone\n\n - INTERVAL '120 DAY' and \n    current_timestamp::\n    timestamp without time zone\n\n\n--     and (\n--         (lower(advertiser) not like '%nekretnin%' and lower(advertiser) not like '%agencij%'\n--              and lower(advertiser) not like '%real estate%' and lower(advertiser) not like '%d.o.o.%'\n--              and lower(advertiser) not like '%d.d.%'\n--           and lower(advertiser) not in ('opereta', 'eurovilla d.o.o.', 'aps', 'b2 kapital d.o.o.', 'stan grad immobilien'))\n--         or lower(title) like '%bez provizije%'\n--         or lower(description) like '%bez provizije%'\n--     )\norder by m1.first_seen desc", "relation_name": "\"property_cro\".\"analytics_sales_houses_alerts\".\"vw_new_ads\""}, {"status": "success", "timing": [{"name": "compile", "started_at": "2024-02-11T10:46:17.204120Z", "completed_at": "2024-02-11T10:46:17.212665Z"}, {"name": "execute", "started_at": "2024-02-11T10:46:17.214555Z", "completed_at": "2024-02-11T10:46:17.214558Z"}], "thread_id": "Thread-1 (worker)", "execution_time": 0.01711893081665039, "adapter_response": {}, "message": null, "failures": null, "unique_id": "model.property_cro.vw_price_drops_alert_sales_houses", "compiled": true, "compiled_code": "\n\nselect\n    m1.location,\n    m1.title,\n    m1.link,\n    m1.flat_type,\n    m1.floor,\n    m1.size,\n    m1.price,\n    m1.first_price,\n    m1.current_price,\n    m1.num_seen,\n    m1.price_m2,\n    m1.area_price_m2,\n    m1.area_discount,\n    m1.area_sized_price_m2,\n    m1.area_sized_discount,\n    m1.area_aged_sized_price_m2,\n    m1.area_aged_sized_discount,\n    m1.price_drop_pecentage,\n    m1.first_seen,\n    m1.last_seen,\n    m1.ad_id,\n    m1.latest_seen_date,\n    m1.status,\n    m1.days_on_the_market,\n    m1.price_7,\n    m1.price_15,\n    m1.price_30,\n    m1.price_45,\n    m1.price_60,\n    m1.url,\n    m1.location2,\n    m1.street,\n    m1.num_views,\n    m1.building_type,\n    m1.house_type,\n    m1.number_of_floors,\n    m1.year_built,\n    m1.year_last_renovated,\n    m1.total_liveable_area,\n    m1.net_area,\n    m1.number_of_rooms,\n    m1.number_of_parking_spots,\n    m1.balcony_terrace,\n    m1.total_number_of_floors_in_building,\n    m1.furbishment_state,\n    m1.epc_rating,\n    m1.table_data,\n    m1.description,\n    m1.extra_description,\n    m1.seen_time,\n    m1.advertiser\nfrom \"property_cro\".\"analytics_sales_houses\".\"mv_enriched_ad\" as m1\nwhere price <= 200000\n  and price_m2 <= 1750\n  and price_m2 > 300\n  and size < 200\n  and current_price between 0.4 * first_price and 0.99 * first_price\n  and (year_built is null or year_built > 2003)\n  and (year_last_renovated is null or year_last_renovated > 2000)\n--     and number_of_floors not in ('Prizemnica','Visoka prizemnica')\n--     and total_number_of_floors_in_building not in ('Prizemnica','Visoka prizemnica')\n  and coalesce(furbishment_state,'') not in ('Za renoviranje','Roh-bau')\n  and lower(description) not like '%roh bau%'\n  and lower(description) not like '%roh-bau%'\n  and location2 not in ('Grad Zagreb, Pe\u0161\u010denica - \u017ditnjak, Kozari put')\n  and m1.price > 1000\n  and m1.first_seen between \n    current_timestamp::\n    timestamp without time zone\n\n - INTERVAL '120 DAY' and \n    current_timestamp::\n    timestamp without time zone\n\n\n  and m1.status = 'active'\n--     and (\n--         (lower(advertiser) not like '%nekretnin%' and lower(advertiser) not like '%agencij%'\n--              and lower(advertiser) not like '%real estate%' and lower(advertiser) not like '%d.o.o.%'\n--              and lower(advertiser) not like '%d.d.%'\n--           and lower(advertiser) not in ('opereta', 'eurovilla d.o.o.', 'aps', 'b2 kapital d.o.o.', 'stan grad immobilien'))\n--         or lower(title) like '%bez provizije%'\n--         or lower(description) like '%bez provizije%'\n--     )\norder by m1.first_seen desc", "relation_name": "\"property_cro\".\"analytics_sales_houses_alerts\".\"vw_price_drops\""}, {"status": "success", "timing": [{"name": "compile", "started_at": "2024-02-11T10:46:17.207144Z", "completed_at": "2024-02-11T10:46:17.212970Z"}, {"name": "execute", "started_at": "2024-02-11T10:46:17.215078Z", "completed_at": "2024-02-11T10:46:17.215082Z"}], "thread_id": "Thread-2 (worker)", "execution_time": 0.01719379425048828, "adapter_response": {}, "message": null, "failures": null, "unique_id": "model.property_cro.4mv_enriched_ad_sales_flats", "compiled": true, "compiled_code": "\n\nselect\n    \n    s.location,\n    s.title,\n    s.link,\n    s.flat_type,\n    s.floor,\n    s.size,\n    s.price,\n    s.first_price,\n    s.current_price,\n    s.num_seen,\n    round((s.price/s.size)::numeric, 0) as price_m2,\n    round(a.area_average::numeric, 0) as area_price_m2,\n    round((100 * (a.area_average - s.price/s.size) / a.area_average)::numeric, 1) as area_discount,\n    round(a2.area_average::numeric, 0) as area_sized_price_m2,\n    round((100 * (a2.area_average - s.price/s.size) / a2.area_average)::numeric, 1) as area_sized_discount,\n    round(a3.area_average::numeric, 0) as area_aged_sized_price_m2,\n    round((100 * (a3.area_average - s.price/s.size) / a3.area_average)::numeric, 1)  as area_aged_sized_discount,\n    round(((s.first_price - s.price)/s.first_price * 100)::numeric, 1)  as price_drop_pecentage,\n    s.first_seen,\n    s.last_seen,\n    s.ad_id,\n    s.latest_seen_date,\n    s.status,\n    s.days_on_the_market,\n    s.price_3,\n    s.price_7,\n    s.price_15,\n    s.price_30,\n    s.price_45,\n    s.price_60,\n    sd.url,\n    sd.location2,\n    sd.street,\n    sd.num_views,\n    sd.advertiser,\n    sd.number_of_floors,\n    sd.year_built,\n    sd.year_last_renovated,\n    sd.total_liveable_area,\n    sd.net_area,\n    sd.number_of_rooms,\n    sd.number_of_parking_spots,\n    sd.balcony_terrace,\n    case when RIGHT(sd.floor, 1) like '.'\n        then SUBSTR(sd.floor, 1, LENGTH(sd.floor)-1)\n        else sd.floor\n    end as floor_desc,\n    sd.furbishment_state,\n    sd.epc_rating,\n    sd.table_data,\n    sd.description,\n    sd.extra_description,\n    sd.seen_time,\n\n    sd.apartment_type,\n    case\n        when RIGHT(sd.total_number_of_floors_in_building, 1) like '.'\n            then SUBSTR(sd.total_number_of_floors_in_building, 1, LENGTH(sd.total_number_of_floors_in_building)-1)::integer\n        when lower(sd.total_number_of_floors_in_building) like '%prizemlje%'\n            then 1\n        when sd.total_number_of_floors_in_building like '25+'\n            then 25\n        else sd.total_number_of_floors_in_building::integer\n    end as total_number_of_floors_in_building\nfrom \"property_cro\".\"analytics_sales_flats\".\"vw_price_history\" s\njoin \"property_cro\".\"analytics_sales_flats\".\"vw_avg_ask_px_per_loc\"  a on s.location = a.location\nleft join \"property_cro\".\"staging\".\"sale_flat_desc\" sd on s.ad_id = sd.ad_id\nleft join \"property_cro\".\"analytics_sales_flats\".\"vw_avg_ask_px_per_loc_size\" a2 on s.location = a2.location and FLOOR(s.size / 20) * 20 = a2.size\nleft join \"property_cro\".\"analytics_sales_flats\".\"vw_avg_ask_px_per_loc_year_size\" a3 on s.location = a3.location and FLOOR(s.size / 20) * 20 = a3.size and FLOOR(sd.year_built / 20) * 20 = a3.year_range", "relation_name": "\"property_cro\".\"analytics_sales_flats\".\"mv_enriched_ad\""}, {"status": "success", "timing": [{"name": "compile", "started_at": "2024-02-11T10:46:17.209918Z", "completed_at": "2024-02-11T10:46:17.213761Z"}, {"name": "execute", "started_at": "2024-02-11T10:46:17.216396Z", "completed_at": "2024-02-11T10:46:17.216399Z"}], "thread_id": "Thread-4 (worker)", "execution_time": 0.017174959182739258, "adapter_response": {}, "message": null, "failures": null, "unique_id": "model.property_cro.mv_inventory_location_rentals_flats", "compiled": true, "compiled_code": "\n\n\n\nwith zg_loc as (\n    select distinct location from \"property_cro\".\"analytics_rentals_flats\".\"mv_enriched_ad\"\n    where location2 like 'Grad Zagreb,%'\n),\nnew_ads as (\n    select quarter,\n           s.location,\n           count(distinct ad_id) filter (where price_m2 < 10000) as new_ads_qty,\n           round((avg(days_on_the_market) filter (where price_m2 < 10000))::numeric,1) as new_ads_dom,\n           round((avg(price_m2) filter (where price_m2 < 10000))::numeric,1) as new_ads_avg_px_m2,\n           round((avg(price) filter (where price_m2 < 10000))::numeric,1) as new_ads_avg_px,\n           round((avg(size) filter (where price_m2 < 10000))::numeric,1) as new_ads_avg_size\n    from \"property_cro\".\"analytics_rentals_flats\".\"mv_enriched_ad\" s\n    join \"property_cro\".\"analytics_common\".\"mv_date_to_quarter_mapping\" d on first_seen = date_\n    where location in (select location from zg_loc)\n    group by d.quarter, s.location\n), sold_ads as (\n    select\n        quarter,\n        s.location,\n        count(distinct ad_id) filter (where price_m2 < 10000) as sold_ads_qty,\n        round((avg(days_on_the_market) filter (where price_m2 < 10000))::numeric,1) as sold_ads_dom,\n        round((avg(price_m2) filter (where price_m2 < 10000))::numeric,1) as sold_ads_avg_px_m2,\n        round((avg(price) filter (where price_m2 < 10000))::numeric,1) as sold_ads_avg_px,\n        round((avg(size) filter (where price_m2 < 10000))::numeric,1) as sold_ads_avg_size\n    from \"property_cro\".\"analytics_rentals_flats\".\"mv_enriched_ad\" s\n    join \"property_cro\".\"analytics_common\".\"mv_date_to_quarter_mapping\" d\n        on s.first_seen = d.date_\n    where status = 'inactive'\n        and location in (select location from zg_loc)\n    group by d.quarter, s.location\n), actives as (\n    select\n        d.quarter,\n        s.location,\n        count(distinct s.ad_id) filter (where s.price < 10000000) as active_ads_qty,\n        round((avg(days_on_the_market) filter (where s.price < 10000000))::numeric,1) as active_ads_dom,\n        round((avg(s.price/s.size) filter (where s.price < 10000000))::numeric,1) as active_ads_avg_px_m2,\n        round((avg(s.price) filter (where s.price < 10000000))::numeric,1) as active_ads_avg_px,\n        round((avg(s.size) filter (where s.price < 10000000))::numeric,1) as active_ads_avg_size\n    from \"property_cro\".\"staging\".\"rentals_flats\" s\n    join \"property_cro\".\"analytics_rentals_flats\".\"vw_price_history\" as hist2\n        on s.ad_id = hist2.ad_id\n    join \"property_cro\".\"analytics_common\".\"mv_date_to_quarter_mapping\" d\n        on seen_date = date_\n    where s.location in (select location from zg_loc)\n    group by quarter, s.location\n)\nselect\n    a.quarter as year_month,\n    a.location,\n    new_ads_qty,\n    new_ads_dom,\n    new_ads_avg_px_m2,\n    new_ads_avg_px,\n    new_ads_avg_size,\n    sold_ads_qty,\n    sold_ads_dom,\n    sold_ads_avg_px_m2,\n    sold_ads_avg_px,\n    sold_ads_avg_size,\n    active_ads_qty,\n    active_ads_dom,\n    active_ads_avg_px_m2,\n    active_ads_avg_px,\n    active_ads_avg_size\nfrom new_ads n\njoin sold_ads r on n.quarter = r.quarter and n.location = r.location\njoin actives a on n.quarter = a.quarter and n.location = a.location\norder by n.quarter desc\n", "relation_name": "\"property_cro\".\"analytics_rentals_flats_analysis\".\"mv_inventory_location_rentals_flats\""}, {"status": "success", "timing": [{"name": "compile", "started_at": "2024-02-11T10:46:17.221673Z", "completed_at": "2024-02-11T10:46:17.232899Z"}, {"name": "execute", "started_at": "2024-02-11T10:46:17.234409Z", "completed_at": "2024-02-11T10:46:17.234415Z"}], "thread_id": "Thread-3 (worker)", "execution_time": 0.01667928695678711, "adapter_response": {}, "message": null, "failures": null, "unique_id": "model.property_cro.mv_inventory_rentals_flats", "compiled": true, "compiled_code": "\n\n\n\n\n\nwith zg_loc as (\n    select distinct location from \"property_cro\".\"analytics_rentals_flats\".\"mv_enriched_ad\"\n    where location2 like 'Grad Zagreb,%'\n),\n     new_ads as (\n         select cast(to_char(first_seen,'YYYYmm') as integer) as year_month,\n                count(distinct ad_id) filter (where price_m2 < 10000) as new_ads_qty,\n                round((avg(days_on_the_market) filter (where price_m2 < 10000))::numeric,1) as new_ads_dom,\n                round((avg(price_m2) filter (where price_m2 < 10000))::numeric,1) as new_ads_avg_px_m2,\n                round((avg(price) filter (where price_m2 < 10000))::numeric,1) as new_ads_avg_px,\n                round((avg(size) filter (where price_m2 < 10000))::numeric,1) as new_ads_avg_size\n         from \"property_cro\".\"analytics_rentals_flats\".\"mv_enriched_ad\"\n         where location in (select location from zg_loc)\n         group by cast(to_char(first_seen, 'YYYYmm') as integer)\n     ), sold_ads as (\n    select\n        cast(to_char(last_seen,'YYYYmm') as integer) as year_month,\n        count(distinct ad_id) filter (where price_m2 < 10000) as sold_ads_qty,\n        round((avg(days_on_the_market) filter (where price_m2 < 10000))::numeric,1) as sold_ads_dom,\n        round((avg(price_m2) filter (where price_m2 < 10000))::numeric,1) as sold_ads_avg_px_m2,\n        round((avg(price) filter (where price_m2 < 10000))::numeric,1) as sold_ads_avg_px,\n        round((avg(size) filter (where price_m2 < 10000))::numeric,1) as sold_ads_avg_size\n    from \"property_cro\".\"analytics_rentals_flats\".\"mv_enriched_ad\"\n    where status = 'inactive'\n      and location in (select location from zg_loc)\n    group by cast(to_char(last_seen,'YYYYmm') as integer)\n), actives as (\n    select\n        cast(to_char(seen_date,'YYYYmm') as integer) as year_month,\n        count(distinct s.ad_id) filter (where s.price < 10000000) as active_ads_qty,\n        round((avg(days_on_the_market) filter (where s.price < 10000000))::numeric,1) as active_ads_dom,\n        round((avg(s.price/s.size) filter (where s.price < 10000000))::numeric,1) as active_ads_avg_px_m2,\n        round((avg(s.price) filter (where s.price < 10000000))::numeric,1) as active_ads_avg_px,\n        round((avg(s.size) filter (where s.price < 10000000))::numeric,1) as active_ads_avg_size\n    from \"property_cro\".\"staging\".\"rentals_flats\" s\n    join \"property_cro\".\"analytics_rentals_flats\".\"vw_price_history\" as hist2\n    on s.ad_id = hist2.ad_id\n    where s.location in (select location from zg_loc)\n    group by cast(to_char(seen_date, 'YYYYmm') as integer)\n)\nselect\n    TO_DATE(concat(n.year_month,'01'), 'YYYYMMDD') as year_month,\n    new_ads_qty,\n    new_ads_dom,\n    new_ads_avg_px_m2,\n    new_ads_avg_px,\n    new_ads_avg_size,\n    sold_ads_qty,\n    sold_ads_dom,\n    sold_ads_avg_px_m2,\n    sold_ads_avg_px,\n    sold_ads_avg_size,\n    active_ads_qty,\n    active_ads_dom,\n    active_ads_avg_px_m2,\n    active_ads_avg_px,\n    active_ads_avg_size\nfrom new_ads n\n         join sold_ads r on n.year_month = r.year_month\n         join actives a on n.year_month = a.year_month\norder by n.year_month desc\n\n", "relation_name": "\"property_cro\".\"analytics_rentals_flats_analysis\".\"mv_inventory_rentals_flats\""}, {"status": "success", "timing": [{"name": "compile", "started_at": "2024-02-11T10:46:17.228101Z", "completed_at": "2024-02-11T10:46:17.233768Z"}, {"name": "execute", "started_at": "2024-02-11T10:46:17.235768Z", "completed_at": "2024-02-11T10:46:17.235771Z"}], "thread_id": "Thread-2 (worker)", "execution_time": 0.016760826110839844, "adapter_response": {}, "message": null, "failures": null, "unique_id": "model.property_cro.mv_inventory_location_sales_flats", "compiled": true, "compiled_code": "\n\n\n\nwith zg_loc as (\n    select distinct location from \"property_cro\".\"analytics_sales_flats\".\"mv_enriched_ad\"\n    where location2 like 'Grad Zagreb,%'\n),\nnew_ads as (\n    select quarter,\n           s.location,\n           count(distinct ad_id) filter (where price_m2 < 10000) as new_ads_qty,\n           round((avg(days_on_the_market) filter (where price_m2 < 10000))::numeric,1) as new_ads_dom,\n           round((avg(price_m2) filter (where price_m2 < 10000))::numeric,1) as new_ads_avg_px_m2,\n           round((avg(price) filter (where price_m2 < 10000))::numeric,1) as new_ads_avg_px,\n           round((avg(size) filter (where price_m2 < 10000))::numeric,1) as new_ads_avg_size\n    from \"property_cro\".\"analytics_sales_flats\".\"mv_enriched_ad\" s\n    join \"property_cro\".\"analytics_common\".\"mv_date_to_quarter_mapping\" d on first_seen = date_\n    where location in (select location from zg_loc)\n    group by d.quarter, s.location\n), sold_ads as (\n    select\n        quarter,\n        s.location,\n        count(distinct ad_id) filter (where price_m2 < 10000) as sold_ads_qty,\n        round((avg(days_on_the_market) filter (where price_m2 < 10000))::numeric,1) as sold_ads_dom,\n        round((avg(price_m2) filter (where price_m2 < 10000))::numeric,1) as sold_ads_avg_px_m2,\n        round((avg(price) filter (where price_m2 < 10000))::numeric,1) as sold_ads_avg_px,\n        round((avg(size) filter (where price_m2 < 10000))::numeric,1) as sold_ads_avg_size\n    from \"property_cro\".\"analytics_sales_flats\".\"mv_enriched_ad\" s\n    join \"property_cro\".\"analytics_common\".\"mv_date_to_quarter_mapping\" d\n        on s.first_seen = d.date_\n    where status = 'inactive'\n        and location in (select location from zg_loc)\n    group by d.quarter, s.location\n), actives as (\n    select\n        d.quarter,\n        s.location,\n        count(distinct s.ad_id) filter (where s.price < 10000000) as active_ads_qty,\n        round((avg(days_on_the_market) filter (where s.price < 10000000))::numeric,1) as active_ads_dom,\n        round((avg(s.price/s.size) filter (where s.price < 10000000))::numeric,1) as active_ads_avg_px_m2,\n        round((avg(s.price) filter (where s.price < 10000000))::numeric,1) as active_ads_avg_px,\n        round((avg(s.size) filter (where s.price < 10000000))::numeric,1) as active_ads_avg_size\n    from \"property_cro\".\"staging\".\"sales_flats\" s\n    join \"property_cro\".\"analytics_sales_flats\".\"vw_price_history\" as hist2\n        on s.ad_id = hist2.ad_id\n    join \"property_cro\".\"analytics_common\".\"mv_date_to_quarter_mapping\" d\n        on seen_date = date_\n    where s.location in (select location from zg_loc)\n    group by quarter, s.location\n)\nselect\n    a.quarter as year_month,\n    a.location,\n    new_ads_qty,\n    new_ads_dom,\n    new_ads_avg_px_m2,\n    new_ads_avg_px,\n    new_ads_avg_size,\n    sold_ads_qty,\n    sold_ads_dom,\n    sold_ads_avg_px_m2,\n    sold_ads_avg_px,\n    sold_ads_avg_size,\n    active_ads_qty,\n    active_ads_dom,\n    active_ads_avg_px_m2,\n    active_ads_avg_px,\n    active_ads_avg_size\nfrom new_ads n\njoin sold_ads r on n.quarter = r.quarter and n.location = r.location\njoin actives a on n.quarter = a.quarter and n.location = a.location\norder by n.quarter desc\n", "relation_name": "\"property_cro\".\"analytics_sales_flats_analysis\".\"mv_inventory_location_sales_flats\""}, {"status": "success", "timing": [{"name": "compile", "started_at": "2024-02-11T10:46:17.230367Z", "completed_at": "2024-02-11T10:46:17.234025Z"}, {"name": "execute", "started_at": "2024-02-11T10:46:17.236058Z", "completed_at": "2024-02-11T10:46:17.236062Z"}], "thread_id": "Thread-4 (worker)", "execution_time": 0.016571998596191406, "adapter_response": {}, "message": null, "failures": null, "unique_id": "model.property_cro.mv_inventory_sales_flats", "compiled": true, "compiled_code": "\n\n\n\n\n\nwith zg_loc as (\n    select distinct location from \"property_cro\".\"analytics_sales_flats\".\"mv_enriched_ad\"\n    where location2 like 'Grad Zagreb,%'\n),\n     new_ads as (\n         select cast(to_char(first_seen,'YYYYmm') as integer) as year_month,\n                count(distinct ad_id) filter (where price_m2 < 10000) as new_ads_qty,\n                round((avg(days_on_the_market) filter (where price_m2 < 10000))::numeric,1) as new_ads_dom,\n                round((avg(price_m2) filter (where price_m2 < 10000))::numeric,1) as new_ads_avg_px_m2,\n                round((avg(price) filter (where price_m2 < 10000))::numeric,1) as new_ads_avg_px,\n                round((avg(size) filter (where price_m2 < 10000))::numeric,1) as new_ads_avg_size\n         from \"property_cro\".\"analytics_sales_flats\".\"mv_enriched_ad\"\n         where location in (select location from zg_loc)\n         group by cast(to_char(first_seen, 'YYYYmm') as integer)\n     ), sold_ads as (\n    select\n        cast(to_char(last_seen,'YYYYmm') as integer) as year_month,\n        count(distinct ad_id) filter (where price_m2 < 10000) as sold_ads_qty,\n        round((avg(days_on_the_market) filter (where price_m2 < 10000))::numeric,1) as sold_ads_dom,\n        round((avg(price_m2) filter (where price_m2 < 10000))::numeric,1) as sold_ads_avg_px_m2,\n        round((avg(price) filter (where price_m2 < 10000))::numeric,1) as sold_ads_avg_px,\n        round((avg(size) filter (where price_m2 < 10000))::numeric,1) as sold_ads_avg_size\n    from \"property_cro\".\"analytics_sales_flats\".\"mv_enriched_ad\"\n    where status = 'inactive'\n      and location in (select location from zg_loc)\n    group by cast(to_char(last_seen,'YYYYmm') as integer)\n), actives as (\n    select\n        cast(to_char(seen_date,'YYYYmm') as integer) as year_month,\n        count(distinct s.ad_id) filter (where s.price < 10000000) as active_ads_qty,\n        round((avg(days_on_the_market) filter (where s.price < 10000000))::numeric,1) as active_ads_dom,\n        round((avg(s.price/s.size) filter (where s.price < 10000000))::numeric,1) as active_ads_avg_px_m2,\n        round((avg(s.price) filter (where s.price < 10000000))::numeric,1) as active_ads_avg_px,\n        round((avg(s.size) filter (where s.price < 10000000))::numeric,1) as active_ads_avg_size\n    from \"property_cro\".\"staging\".\"sales_flats\" s\n    join \"property_cro\".\"analytics_sales_flats\".\"vw_price_history\" as hist2\n    on s.ad_id = hist2.ad_id\n    where s.location in (select location from zg_loc)\n    group by cast(to_char(seen_date, 'YYYYmm') as integer)\n)\nselect\n    TO_DATE(concat(n.year_month,'01'), 'YYYYMMDD') as year_month,\n    new_ads_qty,\n    new_ads_dom,\n    new_ads_avg_px_m2,\n    new_ads_avg_px,\n    new_ads_avg_size,\n    sold_ads_qty,\n    sold_ads_dom,\n    sold_ads_avg_px_m2,\n    sold_ads_avg_px,\n    sold_ads_avg_size,\n    active_ads_qty,\n    active_ads_dom,\n    active_ads_avg_px_m2,\n    active_ads_avg_px,\n    active_ads_avg_size\nfrom new_ads n\n         join sold_ads r on n.year_month = r.year_month\n         join actives a on n.year_month = a.year_month\norder by n.year_month desc\n\n", "relation_name": "\"property_cro\".\"analytics_sales_flats_analysis\".\"mv_inventory_sales_flats\""}, {"status": "success", "timing": [{"name": "compile", "started_at": "2024-02-11T10:46:17.239638Z", "completed_at": "2024-02-11T10:46:17.248425Z"}, {"name": "execute", "started_at": "2024-02-11T10:46:17.249060Z", "completed_at": "2024-02-11T10:46:17.249065Z"}], "thread_id": "Thread-3 (worker)", "execution_time": 0.011870145797729492, "adapter_response": {}, "message": null, "failures": null, "unique_id": "model.property_cro.price_changes_per_week", "compiled": true, "compiled_code": "\n\nwith t1 as (\n    select\n        apha.*,\n        case\n            when price_old > price_new then 'price_drop'\n            when price_old < price_new then 'price_rise'\n            else 'same_price'\n            end as price_change_type,\n            (price_new/dets.size - price_old/dets.size) / (price_old/dets.size) as price_change\n    from (\n        select\n            ltrim(price_new,'\u20ac')::int as price_new,\n            ltrim(price_old,'\u20ac')::int as price_old,\n            type,\n            change_date,\n            ad_id,\n            price_change_reason\n        from \"property_cro\".\"analytics_common\".\"ad_price_history\"\n    ) apha\n    left join (\n        select ad_id, size from \"property_cro\".\"analytics_sales_flats\".\"mv_enriched_ad\" union all\n        select ad_id, size from \"property_cro\".\"analytics_rentals_flats\".\"mv_enriched_ad\" union all\n        select ad_id, size from \"property_cro\".\"analytics_sales_houses\".\"mv_enriched_ad\"\n    ) dets on apha.ad_id = dets.ad_id\n    where price_old > 100 and price_new > 100 and price_change_reason = 'px_chg'\n)\nselect\n    count(distinct ad_id),\n    round(avg(price_change)::numeric,2) as avg_price_change,\n    type,\n    price_change_type,\n    date_trunc('week', change_date::date)::date as change_week\nfrom t1\nwhere price_change < 1\ngroup by\n    type,\n    price_change_type,\n    date_trunc('week', change_date::date)\norder by change_week desc", "relation_name": "\"property_cro\".\"analytics_common\".\"ad_price_changes_per_week\""}, {"status": "success", "timing": [{"name": "compile", "started_at": "2024-02-11T10:46:17.242861Z", "completed_at": "2024-02-11T10:46:17.250588Z"}, {"name": "execute", "started_at": "2024-02-11T10:46:17.254273Z", "completed_at": "2024-02-11T10:46:17.254278Z"}], "thread_id": "Thread-2 (worker)", "execution_time": 0.0163118839263916, "adapter_response": {}, "message": null, "failures": null, "unique_id": "model.property_cro.vw_best_new_or_reduced_alert_sales_flats", "compiled": true, "compiled_code": "\n\nselect location,\n       title,\n       link,\n       flat_type,\n       floor,\n       size,\n       price,\n       first_price,\n       current_price,\n       num_seen,\n       price_m2,\n       area_price_m2,\n       area_discount,\n       area_sized_price_m2,\n       area_aged_sized_price_m2,\n       price_drop_pecentage,\n       first_seen,\n       last_seen,\n       ad_id,\n       latest_seen_date,\n       status,\n       days_on_the_market,\n       price_7,\n       price_15,\n       price_30,\n       price_45,\n       price_60,\n       url,\n       location2,\n       street,\n       num_views,\n       apartment_type,\n       number_of_floors,\n       year_built,\n       year_last_renovated,\n       total_liveable_area,\n       net_area,\n       number_of_rooms,\n       number_of_parking_spots,\n       balcony_terrace,\n       total_number_of_floors_in_building,\n       furbishment_state,\n       epc_rating,\n       table_data,\n       description,\n       extra_description,\n       seen_time,\n       advertiser\nfrom \"property_cro\".\"analytics_sales_flats\".\"mv_enriched_ad\"\nwhere\n    location in (select location from \"property_cro\".\"analytics_common\".\"zagreb_locations\") and\n    status = 'active' and\n    (floor is null or total_number_of_floors_in_building is null or floor_desc != total_number_of_floors_in_building::text)\n \tand (\n        (floor is null or floor like '%kat%')\n        or\n        (floor is null or floor like '%kat%')\n    )\n\tand (total_number_of_floors_in_building is null or total_number_of_floors_in_building > 2)\n \tand (description is null or lower(description) not like '%potkrovlj%' )\n\tand\n    (\n\t    (year_built > 1970 and year_built < 1980 and (\n            price/net_area < 1.1 * area_price_m2\n            or price/total_liveable_area < 1.1 * area_price_m2\n        ))\n        or\n\t    (year_built >= 1980 and year_built < 2001 and (\n            price/net_area < 1.25 * area_price_m2\n            or price/total_liveable_area < 1.25 * area_price_m2\n        ))\n\t    or\n\t    (year_built >= 2001\n\t         and (\n                price / net_area < 1.5 * area_price_m2\n                or price / total_liveable_area < 1.5 * area_price_m2)\n\t    )\n    )\n\tand (\n\t\tlower(title) like '%adaptiran%'\n\t\tor lower(title) like '%renoviran%'\n\t\tor lower(description) like '%adaptiran%'\n        or lower(description) like '%renoviran%'\n\t\tor year_built > 2000\n\t\tor year_last_renovated > 2000\n\t\tor (year_built between 1984 and 2000 and price_m2 < area_price_m2 * 1.1)\n\t\tor (year_built between 1971 and 1983 and price_m2 < area_price_m2 * 1.25)\n\t\tor (year_built is null and year_last_renovated is null)\n\t)\n    and (\n        (lower(title) not like '%adaptacij%' and lower(title) not like '%renovacij%' and lower(title) not like '%mansardni%')\n        or (lower(description) not like '%adaptacij%' and lower(description) not like '%renovacij%' and lower(description) not like '%mansardni%')\n\t)\n\tand flat_type = 'Stan u stambenoj zgradi'\n    and price > 50000\n    and price_m2 < 4000\n    and ((price <= 210000 and year_built < 2005) or (year_built >= 2005 and price <= 300000))\n    and (number_of_floors = 'Jednoeta\u017eni' or number_of_floors is null)\n    and location not like 'Sesvete%'\n    and location not like 'Podsljeme%'\n    and location not like 'Novi Zagreb - Zapad, Lu\u010dko'\n    order by first_seen desc", "relation_name": "\"property_cro\".\"analytics_sales_flats_alerts\".\"vw_best_new_or_reduced_flats\""}, {"status": "success", "timing": [{"name": "compile", "started_at": "2024-02-11T10:46:17.245268Z", "completed_at": "2024-02-11T10:46:17.251141Z"}, {"name": "execute", "started_at": "2024-02-11T10:46:17.254646Z", "completed_at": "2024-02-11T10:46:17.254648Z"}], "thread_id": "Thread-4 (worker)", "execution_time": 0.016607046127319336, "adapter_response": {}, "message": null, "failures": null, "unique_id": "model.property_cro.vw_best_streets_in_zagreb", "compiled": true, "compiled_code": "\n\nselect location,\n       title,\n       link,\n       flat_type,\n       floor,\n       size,\n       price,\n       first_price,\n       current_price,\n       num_seen,\n       price_m2,\n       area_price_m2,\n       area_discount,\n       area_sized_price_m2,\n       area_aged_sized_price_m2,\n       price_drop_pecentage,\n       first_seen,\n       last_seen,\n       ad_id,\n       latest_seen_date,\n       status,\n       days_on_the_market,\n       price_7,\n       price_15,\n       price_30,\n       price_45,\n       price_60,\n       url,\n       location2,\n       street,\n       num_views,\n       apartment_type,\n       number_of_floors,\n       year_built,\n       year_last_renovated,\n       total_liveable_area,\n       net_area,\n       number_of_rooms,\n       number_of_parking_spots,\n       balcony_terrace,\n       total_number_of_floors_in_building,\n       furbishment_state,\n       epc_rating,\n       table_data,\n       description,\n       extra_description,\n       seen_time,\n       advertiser\nfrom \"property_cro\".\"analytics_sales_flats\".\"mv_enriched_ad\"\nwhere\n(\n    -- sredi\u0161\u0107e\n    lower(description) like '%brune bu\u0161i\u0107a%' or\n    lower(title) like '%brune bu\u0161i\u0107a%' or\n    lower(description) like '%knifer%' or\n    lower(title) like '%knifer%' or\n    lower(description) like '%kantoci%' or\n    lower(title) like '%kantoci%' or\n    lower(description) like '%baki\u0107%' or\n    lower(title) like '%baki\u0107%' or\n        -- savica\n    lower(description) like '%lastovska%' or\n    lower(title) like '%lastovska%' or\n    lower(description) like '%zinke kunc%' or\n    lower(title) like '%zinke kunc%' or\n    lower(description) like '%zinke kunc%' or\n    lower(title) like '%zinke kunc%' or\n    -- borovje\n    lower(description) like '%grada chicaga%' or\n    lower(title) like '%grada chicaga%' or\n    lower(description) like '%mi\u0161eve\u010dka%' or\n    lower(title) like '%mi\u0161eve\u010dka%' or\n    -- sige\u010dica\n    lower(description) like '%rapska%' or\n    lower(title) like '%rapska%' or\n    lower(description) like '%kornatska%' or\n    lower(title) like '%kornatska%' or\n    lower(description) like '%folnegovi\u0107a%' or\n    lower(title) like '%folnegovi\u0107a%' or\n    -- cvjetno naselje\n    lower(description) like '%cvjetna cesta%' or\n    lower(title) like '%cvjetna cesta%' or\n    -- maksimir\n    lower(description) like '%kraljevi\u0107eva%' or\n    lower(title) like '%kraljevi\u0107eva%' or\n    lower(description) like '%bo\u017eidarevi\u0107eva%' or\n    lower(title) like '%bo\u017eidarevi\u0107eva%' or\n    lower(description) like '%\u010diko\u0161eva%' or\n    lower(title) like '%\u010diko\u0161eva%' or\n    lower(description) like '%crn\u010di\u0107eva%' or\n    lower(title) like '%crn\u010di\u0107eva%' or\n    lower(description) like '%klovi\u0107eva%' or\n    lower(title) like '%klovi\u0107eva%' or\n    lower(description) like '%bu\u017eanova%' or\n    lower(title) like '%bu\u017eanova%' or\n    lower(description) like '%haramba\u0161i\u0107eva%' or\n    lower(title) like '%haramba\u0161i\u0107eva%' or\n    lower(description) like '%ru\u017emarink%' or\n    lower(title) like '%ru\u017emarink%' or\n    lower(description) like '%\u010derinina%' or\n    lower(title) like '%\u010derinina%' or\n    -- centar\n    lower(description) like '%jurkovi\u0107ev%' or\n    lower(title) like '%jurkovi\u0107ev%' or\n    lower(description) like '%centar zvonimir%' or\n    lower(title) like '%centar zvonimir%' or\n    lower(description) like '%banjav\u010di\u0107ev%' or\n    lower(title) like '%banjav\u010di\u0107ev%' or\n    lower(description) like '%ljudevita posavskog%' or\n    lower(title) like '%ljudevita posavskog%' or\n    lower(description) like '%vrbani\u0107eva%' or\n    lower(title) like '%vrbani\u0107eva%' or\n    -- trnje\n    lower(description) like '%pile%' or\n    lower(title) like '%pile%' or\n    lower(description) like '%\u0161trigina%' or\n    lower(title) like '%\u0161trigina%' or\n    lower(description) like '%supilova%' or\n    lower(title) like '%supilova%' or\n    lower(description) like '%strojarska%' or\n    lower(title) like '%strojarska%' or\n    -- crnomerec\n    lower(description) like '%bleiweisova%' or\n    lower(title) like '%bleiweisova%' or\n    lower(description) like '%slovenska%' or\n    lower(title) like '%slovenska%' or\n    -- vrbani\n    lower(description) like '%palinove\u010dka%' or\n    lower(title) like '%palinove\u010dka%' or\n    -- jarun\n    lower(description) like '%hrgovi\u0107i%' or\n    lower(title) like '%hrgovi\u0107i%' or\n    lower(description) like '%bernarda vukasa%' or\n    lower(title) like '%bernarda vukasa%' or\n    lower(description) like '%stipan\u010di\u0107a%' or\n    lower(title) like '%stipan\u010di\u0107a%' or\n    lower(description) like '%macanovi\u0107a%' or\n    lower(title) like '%macanovi\u0107a%' or\n    lower(description) like '%ljubi\u0107a vojvode%' or\n    lower(title) like '%ljubi\u0107a vojvode%' or\n    -- jarun\n    lower(location) like '%jarun%' or\n    lower(location) like '%gredice%' or\n    -- ravnice\n    lower(description) like '%radau\u0161eva%' or\n    lower(title) like '%radau\u0161eva%' or\n    lower(description) like '%augustin\u010di\u0107a%' or\n    lower(title) like '%augustin\u010di\u0107a%' or\n    lower(description) like '%\u0161eferova%' or\n    lower(title) like '%\u0161eferova%'\n)\nand (year_built > 1970 or year_built is null or description not like '%starij%')\nand status = 'active'\nand (floor is null or total_number_of_floors_in_building is null or floor_desc != total_number_of_floors_in_building::text)\nand number_of_floors = 'Jednoeta\u017eni'\nand floor like '%kat'\nand flat_type = 'Stan u stambenoj zgradi'\nand (furbishment_state is null or furbishment_state!= 'Za renoviranje')\nand size > 30\nand price between 60000 and 190000\nand price_m2 <= 3500\norder by first_seen desc", "relation_name": "\"property_cro\".\"analytics_sales_flats_alerts\".\"vw_best_streets_zg\""}, {"status": "success", "timing": [{"name": "compile", "started_at": "2024-02-11T10:46:17.251675Z", "completed_at": "2024-02-11T10:46:17.256265Z"}, {"name": "execute", "started_at": "2024-02-11T10:46:17.258533Z", "completed_at": "2024-02-11T10:46:17.258537Z"}], "thread_id": "Thread-3 (worker)", "execution_time": 0.009437084197998047, "adapter_response": {}, "message": null, "failures": null, "unique_id": "model.property_cro.vw_large_price_drops_alert_sales_flats", "compiled": true, "compiled_code": "\n\nselect location,\n       title,\n       link,\n       flat_type,\n       floor,\n       size,\n       price,\n       first_price,\n       current_price,\n       num_seen,\n       price_m2,\n       area_price_m2,\n       area_discount,\n       area_sized_price_m2,\n       area_aged_sized_price_m2,\n       price_drop_pecentage,\n       first_seen,\n       last_seen,\n       ad_id,\n       latest_seen_date,\n       status,\n       days_on_the_market,\n       price_3,\n       price_7,\n       price_15,\n       price_30,\n       price_45,\n       price_60,\n       url,\n       location2,\n       street,\n       num_views,\n       apartment_type,\n       number_of_floors,\n       year_built,\n       year_last_renovated,\n       total_liveable_area,\n       net_area,\n       number_of_rooms,\n       number_of_parking_spots,\n       balcony_terrace,\n       total_number_of_floors_in_building,\n       furbishment_state,\n       epc_rating,\n       table_data,\n       description,\n       extra_description,\n       seen_time,\n       advertiser\nfrom \"property_cro\".\"analytics_sales_flats\".\"mv_enriched_ad\"\nwhere\n    location in (select location from \"property_cro\".\"analytics_common\".\"zagreb_locations\") and\n    floor like '%kat%'\n    and size > 28\n    and size < 99\n    and current_price between 10000 and 210000\n    and current_price between 0.4 * first_price and 0.99 * first_price\n    and (\n        (location2 is null and price_m2 < area_price_m2 * 1.45)\n        or\n        (location2 is not null and\n            (\n                (year_built > 2000 and price_m2 < area_price_m2 * 1.6)\n                or\n                (year_built < 2000 and price_m2 < area_price_m2 * 1.5)\n            )\n            and (year_built is null or year_built > 1970)\n            and (floor is null or total_number_of_floors_in_building is null or floor_desc != total_number_of_floors_in_building::text)\n            and (description is null or lower(description) not like '%potkrovlj%' )\n        )\n    )\n    and (total_number_of_floors_in_building is null\n            or (floor_desc != total_number_of_floors_in_building::text and floor_desc is not null)\n    )\n    and flat_type = 'Stan u stambenoj zgradi'\n    and status = 'active'\norder by first_seen desc", "relation_name": "\"property_cro\".\"analytics_sales_flats_alerts\".\"vw_large_price_drops\""}, {"status": "success", "timing": [{"name": "compile", "started_at": "2024-02-11T10:46:17.262997Z", "completed_at": "2024-02-11T10:46:17.267466Z"}, {"name": "execute", "started_at": "2024-02-11T10:46:17.271031Z", "completed_at": "2024-02-11T10:46:17.271036Z"}], "thread_id": "Thread-4 (worker)", "execution_time": 0.01406407356262207, "adapter_response": {}, "message": null, "failures": null, "unique_id": "model.property_cro.vw_new_ads_alert_sales_flats", "compiled": true, "compiled_code": "\n\nselect\n       m1.location,\n       m1.title,\n       m1.link,\n       m1.flat_type,\n       m1.floor,\n       m1.size,\n       m1.price,\n       m1.first_price,\n       m1.current_price,\n       m1.num_seen,\n       m1.price_m2,\n       m1.area_price_m2,\n       m1.area_discount,\n       m1.area_sized_price_m2,\n       m1.area_sized_discount,\n       m1.area_aged_sized_price_m2,\n       m1.area_aged_sized_discount,\n       m1.price_drop_pecentage,\n       m1.first_seen,\n       m1.last_seen,\n       m1.ad_id,\n       m1.latest_seen_date,\n       m1.status,\n       m1.days_on_the_market,\n       m1.price_7,\n       m1.price_15,\n       m1.price_30,\n       m1.price_45,\n       m1.price_60,\n       m1.url,\n       m1.location2,\n       m1.street,\n       m1.num_views,\n       m1.apartment_type,\n       m1.number_of_floors,\n       m1.year_built,\n       m1.year_last_renovated,\n       m1.total_liveable_area,\n       m1.net_area,\n       m1.number_of_rooms,\n       m1.number_of_parking_spots,\n       m1.balcony_terrace,\n       m1.total_number_of_floors_in_building,\n       m1.furbishment_state,\n       m1.epc_rating,\n       m1.table_data,\n       m1.description,\n       m1.extra_description,\n       m1.seen_time,\n       m1.advertiser\nfrom \"property_cro\".\"analytics_sales_flats\".\"mv_enriched_ad\" as m1\nwhere\n    m1.location in (select location from \"property_cro\".\"analytics_common\".\"zagreb_locations\")\n    and m1.floor like '%kat%'\n    and (\n        (m1.price between 100000 and 250000 and (m1.year_built is null or m1.year_built >= 1971))\n    )\n    and m1.price > 1000\n    and m1.first_seen between \n    current_timestamp::\n    timestamp without time zone\n\n - INTERVAL '7 DAY' and \n    current_timestamp::\n    timestamp without time zone\n\n\n    and m1.status = 'active'\norder by m1.first_seen desc", "relation_name": "\"property_cro\".\"analytics_sales_flats_alerts\".\"vw_new_ads\""}, {"status": "success", "timing": [{"name": "compile", "started_at": "2024-02-11T10:46:17.260020Z", "completed_at": "2024-02-11T10:46:17.267758Z"}, {"name": "execute", "started_at": "2024-02-11T10:46:17.271344Z", "completed_at": "2024-02-11T10:46:17.271347Z"}], "thread_id": "Thread-2 (worker)", "execution_time": 0.01510000228881836, "adapter_response": {}, "message": null, "failures": null, "unique_id": "model.property_cro.vw_modern_central_alert_sales_flats", "compiled": true, "compiled_code": "\n\nselect location,\n       title,\n       link,\n       flat_type,\n       floor,\n       size,\n       price,\n       first_price,\n       current_price,\n       num_seen,\n       price_m2,\n       area_price_m2,\n       area_discount,\n       area_sized_price_m2,\n       area_aged_sized_price_m2,\n       price_drop_pecentage,\n       first_seen,\n       last_seen,\n       ad_id,\n       latest_seen_date,\n       status,\n       days_on_the_market,\n       price_3,\n       price_7,\n       price_15,\n       price_30,\n       price_45,\n       price_60,\n       url,\n       location2,\n       street,\n       num_views,\n       apartment_type,\n       number_of_floors,\n       year_built,\n       year_last_renovated,\n       total_liveable_area,\n       net_area,\n       number_of_rooms,\n       number_of_parking_spots,\n       balcony_terrace,\n       total_number_of_floors_in_building,\n       furbishment_state,\n       epc_rating,\n       table_data,\n       description,\n       extra_description,\n       seen_time,\n       advertiser\nfrom \"property_cro\".\"analytics_sales_flats\".\"mv_enriched_ad\"\nwhere\n  location in (select location from \"property_cro\".\"analytics_common\".\"zagreb_locations\") and\n     (\n        (year_built > 1970 )\n        or ((lower(title) like '%novogradnj%' or lower(title) like '%novij%'\n            or lower(description) like '%novogradnj%' or lower(description) like '%novij%')\n            AND year_built is null\n        )\n     )\n--     and number_of_rooms >= 1\n--      and (total_number_of_floors_in_building > 3 or total_number_of_floors_in_building is null)\n--       and ((number_of_rooms = 3 and price <= 185000 and price_m2 < area_price_m2 and year_built > 1980)\n--                or (number_of_rooms = 2 and price <= 140000 and price_m2 < area_price_m2 and year_built > 1965))\n    and status = 'active'\n    and number_of_rooms > 0\n    and price >= 55000\n    and price <= 250000\n--     and (\n--             (price <= 180000 and number_of_rooms = 3)\n--             or (price <= 150000 and number_of_rooms = 2)\n--     )\n    and price_m2 >= 1200\n    and price_m2 <= 3700\n    and price_m2 < 1.5 * area_aged_sized_price_m2\n    and (number_of_floors = 'Jednoeta\u017eni' or number_of_floors is null)\n    and (total_number_of_floors_in_building is null\n             or floor_desc is null\n            or (floor_desc != total_number_of_floors_in_building::text and floor_desc is not null)\n        )\n    and (floor is null or floor like '%kat%')\n    and size > 25\n    and (flat_type is null or flat_type not like 'Stan u ku\u0107i')\n    order by first_seen desc", "relation_name": "\"property_cro\".\"analytics_sales_flats_alerts\".\"vw_modern_central_flats\""}, {"status": "success", "timing": [{"name": "compile", "started_at": "2024-02-11T10:46:17.268048Z", "completed_at": "2024-02-11T10:46:17.271643Z"}, {"name": "execute", "started_at": "2024-02-11T10:46:17.273491Z", "completed_at": "2024-02-11T10:46:17.273494Z"}], "thread_id": "Thread-3 (worker)", "execution_time": 0.00734400749206543, "adapter_response": {}, "message": null, "failures": null, "unique_id": "model.property_cro.vw_price_drops_alert_sales_flats", "compiled": true, "compiled_code": "\n\nselect\n       m1.location,\n       m1.title,\n       m1.link,\n       m1.flat_type,\n       m1.floor,\n       m1.size,\n       m1.price,\n       m1.first_price,\n       m1.current_price,\n       m1.num_seen,\n       m1.price_m2,\n       m1.area_price_m2,\n       m1.area_discount,\n       m1.area_sized_price_m2,\n       m1.area_sized_discount,\n       m1.area_aged_sized_price_m2,\n       m1.area_aged_sized_discount,\n       m1.price_drop_pecentage,\n       m1.first_seen,\n       m1.last_seen,\n       m1.ad_id,\n       m1.latest_seen_date,\n       m1.status,\n       m1.days_on_the_market,\n       m1.price_7,\n       m1.price_15,\n       m1.price_30,\n       m1.price_45,\n       m1.price_60,\n       m1.url,\n       m1.location2,\n       m1.street,\n       m1.num_views,\n       m1.apartment_type,\n       m1.number_of_floors,\n       m1.year_built,\n       m1.year_last_renovated,\n       m1.total_liveable_area,\n       m1.net_area,\n       m1.number_of_rooms,\n       m1.number_of_parking_spots,\n       m1.balcony_terrace,\n       m1.total_number_of_floors_in_building,\n       m1.furbishment_state,\n       m1.epc_rating,\n       m1.table_data,\n       m1.description,\n       m1.extra_description,\n       m1.seen_time,\n       m1.advertiser\nfrom \"property_cro\".\"analytics_sales_flats\".\"mv_enriched_ad\" as m1\nwhere\n    m1.floor like '%kat%'\n    and m1.price <= 250000\n    and m1.price > 1000\n    and m1.current_price < m1.price_7 * 0.98\n    and m1.status = 'active'\norder by m1.first_seen desc", "relation_name": "\"property_cro\".\"analytics_sales_flats_alerts\".\"vw_price_drops\""}, {"status": "success", "timing": [{"name": "compile", "started_at": "2024-02-11T10:46:17.224394Z", "completed_at": "2024-02-11T10:46:18.673294Z"}, {"name": "execute", "started_at": "2024-02-11T10:46:18.674002Z", "completed_at": "2024-02-11T10:46:18.674008Z"}], "thread_id": "Thread-1 (worker)", "execution_time": 1.4552581310272217, "adapter_response": {}, "message": null, "failures": null, "unique_id": "model.property_cro.ad_price_history_agg", "compiled": true, "compiled_code": "\n\n\n\nselect\n    apha.ad_id,\n    apha.price_change_history,\n    apha.created_at,\n    apha.version,\n    dets.price_m2 as price_sqm,\n    dets.area_sized_price_m2 as area_sized_price_sqm,\n    dets.year_built,\n    case\n        when (floor_desc is null or floor_desc like '') and (total_number_of_floors_in_building is null or total_number_of_floors_in_building like '')\n            then ''\n        when (floor_desc is not null and floor_desc <> '') and (total_number_of_floors_in_building is null or total_number_of_floors_in_building like '')\n            then floor_desc\n        when (floor_desc is null or floor_desc like '') and (total_number_of_floors_in_building is not null and total_number_of_floors_in_building <> '')\n            then total_number_of_floors_in_building || ' katova'\n        when (floor_desc is not null and floor_desc <> '') and (total_number_of_floors_in_building is not null and total_number_of_floors_in_building <> '')\n            then floor_desc || ' / ' || total_number_of_floors_in_building\n        end as floor,\n    dets.advertiser,\n    dets.days_on_the_market\nfrom (\n         select\n             aph.ad_id,\n             json_agg(change_date || '|' || price_old || '|' || price_new order by change_date) as price_change_history,\n             current_timestamp(0) as created_at,\n             1 as version\n         from \"property_cro\".\"analytics_common\".\"ad_price_history\" aph\n         where aph.price_new like '%\u20ac%'\n         group by aph.ad_id\n     ) apha\n         left join (\n    select ad_id, price_m2, area_sized_price_m2, year_built, total_number_of_floors_in_building::varchar, advertiser, coalesce(floor_desc, replace(floor, 'kat',''))::varchar as floor_desc, days_on_the_market  from \"property_cro\".\"analytics_sales_flats\".\"mv_enriched_ad\"\n    union all\n    select ad_id, price_m2, area_sized_price_m2, year_built, total_number_of_floors_in_building::varchar, advertiser, coalesce(floor_desc, replace(floor, 'kat',''))::varchar as floor_desc, days_on_the_market from \"property_cro\".\"analytics_rentals_flats\".\"mv_enriched_ad\"\n    union all\n    select ad_id, price_m2, area_sized_price_m2, year_built, total_number_of_floors_in_building::varchar, advertiser, coalesce(floor_desc, replace(floor, 'kat',''))::varchar as floor_desc, days_on_the_market from \"property_cro\".\"analytics_sales_houses\".\"mv_enriched_ad\"\n) dets on apha.ad_id = dets.ad_id", "relation_name": "\"property_cro\".\"analytics_common\".\"ad_price_history_agg\""}], "elapsed_time": 1.7116210460662842, "args": {"quiet": false, "compile": true, "printer_width": 80, "static": false, "strict_mode": false, "select": [], "print": true, "cache_selected_only": false, "log_level_file": "debug", "write_json": true, "partial_parse": true, "project_dir": "property_cro", "show_resource_report": false, "log_level": "info", "profiles_dir": "property_cro", "introspect": true, "log_path": "property_cro/logs", "static_parser": true, "exclude": [], "enable_legacy_logger": false, "partial_parse_file_diff": true, "invocation_command": "dbt docs generate --profiles-dir property_cro --project-dir property_cro --profile property_cro_postgres", "use_colors": true, "populate_cache": true, "version_check": true, "which": "generate", "log_format": "default", "defer": false, "macro_debugging": false, "use_colors_file": true, "indirect_selection": "eager", "empty_catalog": false, "send_anonymous_usage_stats": false, "warn_error_options": {"include": [], "exclude": []}, "log_format_file": "debug", "log_file_max_bytes": 10485760, "profile": "property_cro_postgres", "vars": {}, "favor_state": false}}